# E | DOS | Nbin = 4000 & k_point = 120000
-8.498938 0.000000
-8.496813 0.000000
-8.494688 0.000000
-8.492563 0.000000
-8.490438 0.000000
-8.488313 0.000000
-8.486187 0.000000
-8.484063 0.000000
-8.481938 0.000000
-8.479813 0.000000
-8.477688 0.000000
-8.475563 0.000000
-8.473438 0.000000
-8.471312 0.000000
-8.469188 0.000000
-8.467063 0.000000
-8.464938 0.000000
-8.462813 0.000000
-8.460688 0.000000
-8.458563 0.000000
-8.456437 0.000000
-8.454313 0.000000
-8.452188 0.000000
-8.450063 0.000000
-8.447938 0.000000
-8.445813 0.000000
-8.443688 0.000000
-8.441562 0.000000
-8.439438 0.000000
-8.437313 0.000000
-8.435188 0.000000
-8.433063 0.000000
-8.430938 0.000000
-8.428813 0.000000
-8.426687 0.000000
-8.424563 0.000000
-8.422438 0.000000
-8.420313 0.000000
-8.418188 0.000000
-8.416063 0.000000
-8.413938 0.000000
-8.411812 0.000000
-8.409688 0.000000
-8.407563 0.000000
-8.405438 0.000000
-8.403313 0.000000
-8.401188 0.000000
-8.399063 0.185325
-8.396937 0.196953
-8.394813 0.196929
-8.392688 0.197031
-8.390563 0.196996
-8.388438 0.197051
-8.386313 0.197069
-8.384187 0.197058
-8.382062 0.197131
-8.379938 0.197119
-8.377813 0.197175
-8.375688 0.197176
-8.373563 0.197251
-8.371438 0.197230
-8.369312 0.197201
-8.367188 0.197329
-8.365063 0.197287
-8.362938 0.197357
-8.360813 0.197349
-8.358688 0.197431
-8.356563 0.197365
-8.354437 0.197478
-8.352313 0.197456
-8.350188 0.197488
-8.348063 0.197496
-8.345938 0.197549
-8.343813 0.197595
-8.341688 0.197563
-8.339562 0.197553
-8.337438 0.197687
-8.335313 0.197676
-8.333188 0.197704
-8.331063 0.197746
-8.328938 0.197677
-8.326813 0.197752
-8.324687 0.197868
-8.322563 0.197785
-8.320438 0.197811
-8.318313 0.197921
-8.316188 0.197820
-8.314063 0.197944
-8.311938 0.197956
-8.309812 0.197983
-8.307688 0.197965
-8.305563 0.198029
-8.303438 0.198029
-8.301313 0.198044
-8.299188 0.198131
-8.297063 0.198078
-8.294937 0.198170
-8.292813 0.198152
-8.290688 0.198223
-8.288563 0.198258
-8.286438 0.198210
-8.284313 0.198254
-8.282188 0.198316
-8.280062 0.198304
-8.277938 0.198386
-8.275813 0.198368
-8.273688 0.198353
-8.271563 0.198468
-8.269438 0.198450
-8.267313 0.198478
-8.265187 0.198558
-8.263063 0.198420
-8.260938 0.198643
-8.258813 0.198594
-8.256688 0.198538
-8.254563 0.198641
-8.252438 0.198654
-8.250312 0.198649
-8.248188 0.198746
-8.246063 0.198713
-8.243938 0.198771
-8.241812 0.198782
-8.239688 0.198739
-8.237563 0.198897
-8.235437 0.198864
-8.233313 0.198864
-8.231188 0.198920
-8.229063 0.198972
-8.226938 0.198925
-8.224813 0.198997
-8.222688 0.199035
-8.220562 0.199004
-8.218438 0.199097
-8.216313 0.199041
-8.214188 0.199131
-8.212063 0.199161
-8.209938 0.199161
-8.207813 0.199181
-8.205687 0.199256
-8.203563 0.199234
-8.201438 0.199287
-8.199313 0.199274
-8.197188 0.199330
-8.195063 0.199357
-8.192938 0.199336
-8.190812 0.199403
-8.188688 0.199458
-8.186563 0.199435
-8.184438 0.199469
-8.182313 0.199518
-8.180188 0.199562
-8.178063 0.199502
-8.175937 0.199569
-8.173813 0.199641
-8.171688 0.199588
-8.169563 0.199678
-8.167438 0.199702
-8.165313 0.199718
-8.163188 0.199735
-8.161062 0.199793
-8.158938 0.199754
-8.156813 0.199813
-8.154688 0.199835
-8.152563 0.199932
-8.150438 0.199903
-8.148313 0.199889
-8.146187 0.199914
-8.144063 0.199937
-8.141938 0.200075
-8.139813 0.200011
-8.137688 0.200089
-8.135563 0.200009
-8.133438 0.200124
-8.131312 0.200139
-8.129188 0.200181
-8.127063 0.200136
-8.124938 0.200230
-8.122813 0.200270
-8.120688 0.200226
-8.118562 0.200293
-8.116437 0.200298
-8.114313 0.200358
-8.112188 0.200354
-8.110063 0.200330
-8.107938 0.200444
-8.105813 0.200482
-8.103687 0.200428
-8.101562 0.200543
-8.099438 0.200487
-8.097313 0.200555
-8.095188 0.200604
-8.093063 0.200549
-8.090938 0.200638
-8.088812 0.200649
-8.086688 0.200666
-8.084563 0.200705
-8.082438 0.200747
-8.080313 0.200796
-8.078188 0.200770
-8.076063 0.200852
-8.073937 0.200810
-8.071813 0.200845
-8.069688 0.200939
-8.067563 0.200900
-8.065438 0.200955
-8.063313 0.200994
-8.061188 0.200970
-8.059062 0.201037
-8.056938 0.201014
-8.054813 0.201090
-8.052688 0.201165
-8.050563 0.201087
-8.048438 0.201190
-8.046313 0.201160
-8.044187 0.201186
-8.042063 0.201259
-8.039938 0.201243
-8.037813 0.201310
-8.035688 0.201358
-8.033563 0.201333
-8.031438 0.201334
-8.029312 0.201372
-8.027188 0.201419
-8.025063 0.201446
-8.022938 0.201503
-8.020813 0.201494
-8.018688 0.201550
-8.016563 0.201579
-8.014437 0.201532
-8.012313 0.201587
-8.010188 0.201725
-8.008063 0.201630
-8.005938 0.201684
-8.003813 0.201701
-8.001688 0.201758
-7.999563 0.201803
-7.997438 0.201794
-7.995313 0.201831
-7.993188 0.201824
-7.991062 0.201887
-7.988938 0.201872
-7.986813 0.201987
-7.984688 0.201962
-7.982563 0.201970
-7.980438 0.202000
-7.978313 0.202052
-7.976187 0.202065
-7.974063 0.202115
-7.971938 0.202093
-7.969813 0.202105
-7.967688 0.202247
-7.965563 0.202168
-7.963438 0.202201
-7.961313 0.202259
-7.959188 0.202272
-7.957063 0.202364
-7.954938 0.202344
-7.952813 0.202325
-7.950688 0.202447
-7.948563 0.202405
-7.946438 0.202406
-7.944313 0.202475
-7.942188 0.202524
-7.940063 0.202565
-7.937938 0.202540
-7.935813 0.202546
-7.933688 0.202590
-7.931563 0.202666
-7.929438 0.202631
-7.927313 0.202684
-7.925188 0.202720
-7.923063 0.202753
-7.920938 0.202751
-7.918813 0.202801
-7.916688 0.202877
-7.914563 0.202842
-7.912438 0.202891
-7.910313 0.202911
-7.908188 0.202918
-7.906063 0.202966
-7.903938 0.202984
-7.901813 0.203051
-7.899688 0.203000
-7.897563 0.203123
-7.895437 0.203029
-7.893313 0.203147
-7.891188 0.203162
-7.889063 0.203176
-7.886938 0.203185
-7.884813 0.203284
-7.882688 0.203268
-7.880562 0.203284
-7.878438 0.203294
-7.876313 0.203330
-7.874188 0.203399
-7.872063 0.203429
-7.869938 0.203442
-7.867813 0.203403
-7.865687 0.203489
-7.863563 0.203554
-7.861438 0.203490
-7.859313 0.203585
-7.857188 0.203628
-7.855063 0.203565
-7.852938 0.203722
-7.850812 0.203599
-7.848688 0.203784
-7.846563 0.203591
-7.844438 0.203855
-7.842313 0.203772
-7.840188 0.203802
-7.838063 0.203883
-7.835938 0.203818
-7.833813 0.203928
-7.831688 0.203895
-7.829563 0.203979
-7.827438 0.204036
-7.825313 0.204017
-7.823188 0.204016
-7.821063 0.204017
-7.818938 0.204056
-7.816813 0.204180
-7.814688 0.204173
-7.812563 0.204177
-7.810438 0.204238
-7.808313 0.204193
-7.806188 0.204267
-7.804063 0.204286
-7.801938 0.204280
-7.799813 0.204371
-7.797688 0.204338
-7.795563 0.204379
-7.793438 0.204448
-7.791313 0.204432
-7.789188 0.204543
-7.787063 0.204472
-7.784938 0.204559
-7.782813 0.204537
-7.780688 0.204594
-7.778563 0.204669
-7.776438 0.204563
-7.774313 0.204749
-7.772188 0.204693
-7.770062 0.204703
-7.767938 0.204796
-7.765813 0.204831
-7.763688 0.204791
-7.761563 0.204840
-7.759438 0.204831
-7.757313 0.204966
-7.755187 0.204854
-7.753063 0.205007
-7.750938 0.204952
-7.748813 0.205046
-7.746688 0.205067
-7.744563 0.205072
-7.742438 0.205128
-7.740312 0.205104
-7.738188 0.205112
-7.736063 0.205232
-7.733938 0.205206
-7.731813 0.205204
-7.729688 0.205302
-7.727563 0.205308
-7.725437 0.205317
-7.723313 0.205386
-7.721188 0.205348
-7.719063 0.205400
-7.716938 0.205506
-7.714813 0.205424
-7.712688 0.205495
-7.710562 0.205515
-7.708438 0.205529
-7.706313 0.205607
-7.704188 0.205564
-7.702063 0.205713
-7.699938 0.205628
-7.697813 0.205723
-7.695688 0.205750
-7.693563 0.205711
-7.691438 0.205792
-7.689313 0.205833
-7.687188 0.205821
-7.685063 0.205844
-7.682938 0.205937
-7.680813 0.205907
-7.678688 0.205980
-7.676563 0.205980
-7.674438 0.205925
-7.672313 0.206102
-7.670188 0.206084
-7.668063 0.206047
-7.665938 0.206097
-7.663813 0.206221
-7.661688 0.206188
-7.659563 0.206174
-7.657438 0.206305
-7.655313 0.206147
-7.653188 0.206323
-7.651063 0.206373
-7.648938 0.206358
-7.646813 0.206436
-7.644687 0.206347
-7.642563 0.206472
-7.640438 0.206430
-7.638313 0.206526
-7.636188 0.206514
-7.634063 0.206515
-7.631938 0.206619
-7.629812 0.206589
-7.627688 0.206716
-7.625563 0.206641
-7.623438 0.206652
-7.621313 0.206792
-7.619188 0.206728
-7.617063 0.206736
-7.614937 0.206884
-7.612813 0.206840
-7.610688 0.206816
-7.608563 0.206998
-7.606438 0.206865
-7.604313 0.206896
-7.602188 0.207066
-7.600062 0.207012
-7.597938 0.207048
-7.595813 0.207062
-7.593688 0.207156
-7.591563 0.207153
-7.589438 0.207141
-7.587313 0.207202
-7.585187 0.207217
-7.583063 0.207239
-7.580938 0.207248
-7.578813 0.207313
-7.576688 0.207318
-7.574563 0.207385
-7.572438 0.207387
-7.570312 0.207452
-7.568188 0.207462
-7.566063 0.207508
-7.563938 0.207527
-7.561813 0.207559
-7.559688 0.207533
-7.557563 0.207656
-7.555438 0.207545
-7.553313 0.207717
-7.551188 0.207660
-7.549063 0.207714
-7.546938 0.207741
-7.544813 0.207832
-7.542688 0.207803
-7.540563 0.207851
-7.538438 0.207788
-7.536313 0.207955
-7.534188 0.207991
-7.532063 0.207905
-7.529938 0.207896
-7.527813 0.208079
-7.525688 0.208110
-7.523563 0.207985
-7.521438 0.208139
-7.519312 0.208089
-7.517188 0.208193
-7.515063 0.208156
-7.512938 0.208305
-7.510813 0.208184
-7.508688 0.208337
-7.506563 0.208293
-7.504437 0.208276
-7.502313 0.208451
-7.500188 0.208334
-7.498063 0.208470
-7.495938 0.208482
-7.493813 0.208491
-7.491688 0.208467
-7.489562 0.208630
-7.487438 0.208540
-7.485313 0.208613
-7.483188 0.208632
-7.481063 0.208633
-7.478938 0.208707
-7.476813 0.208701
-7.474687 0.208770
-7.472563 0.208812
-7.470438 0.208814
-7.468313 0.208851
-7.466188 0.208820
-7.464063 0.208903
-7.461938 0.208958
-7.459812 0.208951
-7.457688 0.209014
-7.455563 0.209064
-7.453438 0.209002
-7.451313 0.209070
-7.449188 0.209155
-7.447063 0.209195
-7.444937 0.209163
-7.442813 0.209151
-7.440688 0.209260
-7.438563 0.209287
-7.436438 0.209311
-7.434313 0.209241
-7.432188 0.209367
-7.430063 0.209439
-7.427938 0.209450
-7.425813 0.209435
-7.423688 0.209471
-7.421563 0.209516
-7.419438 0.209502
-7.417313 0.209489
-7.415188 0.209595
-7.413063 0.209731
-7.410938 0.209581
-7.408813 0.209713
-7.406688 0.209782
-7.404563 0.209753
-7.402438 0.209741
-7.400313 0.209876
-7.398188 0.209809
-7.396063 0.209882
-7.393938 0.209881
-7.391813 0.209930
-7.389688 0.209958
-7.387563 0.209982
-7.385438 0.210021
-7.383313 0.210093
-7.381188 0.210035
-7.379062 0.210146
-7.376938 0.210132
-7.374813 0.210120
-7.372688 0.210245
-7.370563 0.210241
-7.368438 0.210210
-7.366313 0.210398
-7.364187 0.210278
-7.362063 0.210429
-7.359938 0.210382
-7.357813 0.210309
-7.355688 0.210449
-7.353563 0.210558
-7.351438 0.210552
-7.349312 0.210494
-7.347188 0.210466
-7.345063 0.210697
-7.342938 0.210667
-7.340813 0.210645
-7.338688 0.210616
-7.336563 0.210794
-7.334437 0.210773
-7.332313 0.210771
-7.330188 0.210786
-7.328063 0.210881
-7.325938 0.210862
-7.323813 0.210935
-7.321688 0.210986
-7.319562 0.210900
-7.317438 0.211010
-7.315313 0.211045
-7.313188 0.211094
-7.311063 0.211051
-7.308938 0.211176
-7.306813 0.211110
-7.304688 0.211168
-7.302563 0.211309
-7.300438 0.211198
-7.298313 0.211316
-7.296188 0.211307
-7.294063 0.211350
-7.291938 0.211373
-7.289813 0.211351
-7.287688 0.211473
-7.285563 0.211457
-7.283438 0.211502
-7.281313 0.211542
-7.279188 0.211558
-7.277063 0.211611
-7.274938 0.211547
-7.272813 0.211744
-7.270688 0.211636
-7.268563 0.211797
-7.266438 0.211682
-7.264313 0.211775
-7.262188 0.211867
-7.260063 0.211772
-7.257938 0.211876
-7.255813 0.211938
-7.253687 0.211873
-7.251563 0.212054
-7.249438 0.211965
-7.247313 0.212008
-7.245188 0.212104
-7.243063 0.212080
-7.240938 0.212106
-7.238812 0.212216
-7.236688 0.212107
-7.234563 0.212342
-7.232438 0.212106
-7.230313 0.212382
-7.228188 0.212313
-7.226063 0.212350
-7.223937 0.212333
-7.221813 0.212363
-7.219688 0.212506
-7.217563 0.212467
-7.215438 0.212397
-7.213313 0.212600
-7.211188 0.212640
-7.209062 0.212619
-7.206938 0.212576
-7.204813 0.212651
-7.202688 0.212646
-7.200563 0.212772
-7.198438 0.212832
-7.196313 0.212727
-7.194187 0.212756
-7.192063 0.212913
-7.189938 0.212865
-7.187813 0.212859
-7.185688 0.213036
-7.183563 0.212978
-7.181438 0.212941
-7.179312 0.213038
-7.177188 0.213175
-7.175063 0.213116
-7.172938 0.213089
-7.170813 0.213133
-7.168688 0.213210
-7.166563 0.213286
-7.164438 0.213276
-7.162313 0.213326
-7.160188 0.213293
-7.158063 0.213368
-7.155938 0.213437
-7.153813 0.213419
-7.151688 0.213448
-7.149563 0.213497
-7.147438 0.213505
-7.145313 0.213534
-7.143188 0.213552
-7.141063 0.213629
-7.138938 0.213642
-7.136813 0.213671
-7.134688 0.213777
-7.132563 0.213719
-7.130438 0.213782
-7.128312 0.213833
-7.126188 0.213837
-7.124063 0.213883
-7.121938 0.213907
-7.119813 0.213937
-7.117688 0.213974
-7.115563 0.213989
-7.113437 0.214067
-7.111313 0.214066
-7.109188 0.214058
-7.107063 0.214082
-7.104938 0.214205
-7.102813 0.214265
-7.100688 0.214253
-7.098562 0.214269
-7.096438 0.214207
-7.094313 0.214321
-7.092188 0.214410
-7.090063 0.214438
-7.087938 0.214409
-7.085813 0.214471
-7.083687 0.214460
-7.081563 0.214566
-7.079438 0.214529
-7.077313 0.214602
-7.075188 0.214578
-7.073063 0.214711
-7.070938 0.214667
-7.068812 0.214783
-7.066688 0.214647
-7.064563 0.214783
-7.062438 0.214865
-7.060313 0.214874
-7.058188 0.214815
-7.056063 0.214943
-7.053937 0.215022
-7.051813 0.214906
-7.049688 0.215032
-7.047563 0.215131
-7.045438 0.214979
-7.043313 0.215183
-7.041188 0.215148
-7.039062 0.215177
-7.036938 0.215236
-7.034813 0.215206
-7.032688 0.215251
-7.030563 0.215299
-7.028438 0.215425
-7.026313 0.215344
-7.024188 0.215481
-7.022063 0.215358
-7.019938 0.215510
-7.017813 0.215544
-7.015688 0.215526
-7.013563 0.215571
-7.011438 0.215566
-7.009313 0.215682
-7.007188 0.215644
-7.005063 0.215743
-7.002937 0.215695
-7.000813 0.215880
-6.998688 0.215712
-6.996563 0.215929
-6.994438 0.215784
-6.992313 0.216005
-6.990188 0.215844
-6.988062 0.216083
-6.985938 0.215967
-6.983813 0.216048
-6.981688 0.216077
-6.979563 0.216046
-6.977438 0.216220
-6.975313 0.216185
-6.973187 0.216174
-6.971063 0.216321
-6.968938 0.216174
-6.966813 0.216313
-6.964688 0.216363
-6.962563 0.216473
-6.960438 0.216348
-6.958312 0.216393
-6.956188 0.216549
-6.954063 0.216455
-6.951938 0.216520
-6.949813 0.216670
-6.947688 0.216595
-6.945563 0.216634
-6.943437 0.216662
-6.941313 0.216750
-6.939188 0.216756
-6.937063 0.216701
-6.934938 0.216864
-6.932813 0.216781
-6.930688 0.216969
-6.928562 0.216918
-6.926438 0.216892
-6.924313 0.217028
-6.922188 0.217090
-6.920063 0.216980
-6.917938 0.216988
-6.915813 0.217258
-6.913687 0.217136
-6.911563 0.217153
-6.909438 0.217266
-6.907313 0.217270
-6.905188 0.217248
-6.903063 0.217297
-6.900938 0.217399
-6.898813 0.217337
-6.896688 0.217430
-6.894563 0.217469
-6.892438 0.217556
-6.890313 0.217452
-6.888188 0.217580
-6.886063 0.217602
-6.883938 0.217701
-6.881813 0.217646
-6.879688 0.217686
-6.877562 0.217657
-6.875438 0.217828
-6.873313 0.217846
-6.871188 0.217849
-6.869063 0.217802
-6.866938 0.217871
-6.864813 0.217965
-6.862687 0.217971
-6.860563 0.218016
-6.858438 0.218059
-6.856313 0.218099
-6.854188 0.218140
-6.852063 0.218189
-6.849938 0.218193
-6.847812 0.218224
-6.845688 0.218201
-6.843563 0.218169
-6.841438 0.218332
-6.839313 0.218425
-6.837188 0.218389
-6.835063 0.218437
-6.832937 0.218460
-6.830813 0.218466
-6.828688 0.218488
-6.826563 0.218591
-6.824438 0.218645
-6.822313 0.218583
-6.820188 0.218696
-6.818062 0.218629
-6.815938 0.218760
-6.813813 0.218757
-6.811688 0.218888
-6.809563 0.218788
-6.807438 0.218903
-6.805313 0.218906
-6.803187 0.218971
-6.801063 0.218930
-6.798938 0.219027
-6.796813 0.219048
-6.794688 0.219117
-6.792563 0.219095
-6.790438 0.219182
-6.788312 0.219203
-6.786188 0.219207
-6.784063 0.219307
-6.781938 0.219260
-6.779813 0.219325
-6.777688 0.219371
-6.775563 0.219314
-6.773438 0.219483
-6.771313 0.219535
-6.769188 0.219431
-6.767063 0.219542
-6.764938 0.219552
-6.762813 0.219618
-6.760688 0.219674
-6.758563 0.219703
-6.756438 0.219713
-6.754313 0.219764
-6.752187 0.219669
-6.750063 0.219902
-6.747938 0.219828
-6.745813 0.219978
-6.743688 0.219901
-6.741563 0.219969
-6.739438 0.220019
-6.737312 0.220002
-6.735188 0.220068
-6.733063 0.220124
-6.730938 0.220168
-6.728813 0.220135
-6.726688 0.220246
-6.724563 0.220284
-6.722437 0.220316
-6.720313 0.220258
-6.718188 0.220281
-6.716063 0.220401
-6.713938 0.220503
-6.711813 0.220467
-6.709688 0.220464
-6.707562 0.220584
-6.705438 0.220439
-6.703313 0.220712
-6.701188 0.220653
-6.699063 0.220657
-6.696938 0.220773
-6.694813 0.220621
-6.692687 0.220862
-6.690563 0.220730
-6.688438 0.220996
-6.686313 0.220861
-6.684188 0.220804
-6.682063 0.221071
-6.679938 0.221038
-6.677812 0.220993
-6.675688 0.221117
-6.673563 0.221073
-6.671438 0.221139
-6.669313 0.221211
-6.667188 0.221199
-6.665063 0.221236
-6.662937 0.221358
-6.660813 0.221279
-6.658688 0.221390
-6.656563 0.221339
-6.654438 0.221523
-6.652313 0.221431
-6.650188 0.221433
-6.648062 0.221616
-6.645938 0.221633
-6.643813 0.221489
-6.641688 0.221770
-6.639563 0.221671
-6.637438 0.221734
-6.635313 0.221690
-6.633188 0.221798
-6.631063 0.221943
-6.628938 0.221757
-6.626813 0.221927
-6.624688 0.221960
-6.622563 0.221992
-6.620438 0.222100
-6.618313 0.222006
-6.616188 0.222030
-6.614063 0.222165
-6.611937 0.222228
-6.609813 0.222188
-6.607688 0.222216
-6.605563 0.222300
-6.603438 0.222200
-6.601313 0.222396
-6.599188 0.222352
-6.597062 0.222555
-6.594938 0.222411
-6.592813 0.222513
-6.590688 0.222550
-6.588563 0.222544
-6.586438 0.222584
-6.584313 0.222661
-6.582187 0.222644
-6.580063 0.222710
-6.577938 0.222817
-6.575813 0.222782
-6.573688 0.222832
-6.571563 0.222835
-6.569438 0.222949
-6.567312 0.222858
-6.565188 0.223090
-6.563063 0.222977
-6.560938 0.223050
-6.558813 0.223102
-6.556688 0.223078
-6.554563 0.223211
-6.552437 0.223123
-6.550313 0.223352
-6.548188 0.223148
-6.546063 0.223361
-6.543938 0.223313
-6.541813 0.223444
-6.539688 0.223387
-6.537562 0.223453
-6.535438 0.223551
-6.533313 0.223513
-6.531188 0.223577
-6.529063 0.223652
-6.526938 0.223619
-6.524813 0.223775
-6.522687 0.223642
-6.520563 0.223795
-6.518438 0.223764
-6.516313 0.223866
-6.514188 0.223899
-6.512063 0.223818
-6.509938 0.223946
-6.507812 0.224090
-6.505688 0.223957
-6.503563 0.224125
-6.501438 0.224102
-6.499313 0.224142
-6.497188 0.224206
-6.495063 0.224178
-6.492938 0.224269
-6.490813 0.224213
-6.488688 0.224388
-6.486562 0.224351
-6.484438 0.224436
-6.482313 0.224475
-6.480188 0.224514
-6.478063 0.224481
-6.475938 0.224479
-6.473813 0.224650
-6.471687 0.224656
-6.469563 0.224678
-6.467438 0.224702
-6.465313 0.224723
-6.463188 0.224746
-6.461063 0.224911
-6.458938 0.224835
-6.456812 0.224935
-6.454688 0.224841
-6.452563 0.225029
-6.450438 0.225061
-6.448313 0.225018
-6.446188 0.225105
-6.444063 0.225139
-6.441937 0.225139
-6.439813 0.225267
-6.437688 0.225167
-6.435563 0.225314
-6.433438 0.225360
-6.431313 0.225361
-6.429188 0.225262
-6.427062 0.225598
-6.424938 0.225489
-6.422813 0.225487
-6.420688 0.225533
-6.418563 0.225592
-6.416438 0.225675
-6.414313 0.225633
-6.412187 0.225677
-6.410063 0.225773
-6.407938 0.225735
-6.405813 0.225954
-6.403688 0.225803
-6.401563 0.225860
-6.399438 0.226017
-6.397312 0.225976
-6.395188 0.226000
-6.393063 0.226081
-6.390938 0.226155
-6.388813 0.226013
-6.386688 0.226225
-6.384563 0.226244
-6.382437 0.226266
-6.380313 0.226300
-6.378188 0.226253
-6.376063 0.226439
-6.373938 0.226366
-6.371813 0.226512
-6.369688 0.226521
-6.367563 0.226441
-6.365438 0.226582
-6.363313 0.226686
-6.361187 0.226551
-6.359063 0.226715
-6.356938 0.226708
-6.354813 0.226807
-6.352688 0.226825
-6.350563 0.226858
-6.348438 0.226896
-6.346312 0.226854
-6.344188 0.227006
-6.342063 0.226995
-6.339938 0.227056
-6.337813 0.227021
-6.335688 0.227227
-6.333563 0.227116
-6.331437 0.227279
-6.329313 0.227172
-6.327188 0.227285
-6.325063 0.227229
-6.322938 0.227458
-6.320813 0.227392
-6.318688 0.227442
-6.316562 0.227384
-6.314438 0.227658
-6.312313 0.227448
-6.310188 0.227617
-6.308063 0.227703
-6.305938 0.227684
-6.303813 0.227741
-6.301687 0.227696
-6.299563 0.227827
-6.297438 0.227820
-6.295313 0.227935
-6.293188 0.227895
-6.291063 0.227966
-6.288938 0.227944
-6.286812 0.228125
-6.284688 0.227989
-6.282563 0.228206
-6.280438 0.228179
-6.278313 0.228181
-6.276188 0.228247
-6.274063 0.228282
-6.271937 0.228355
-6.269813 0.228325
-6.267688 0.228332
-6.265563 0.228488
-6.263438 0.228531
-6.261313 0.228468
-6.259188 0.228599
-6.257062 0.228594
-6.254938 0.228714
-6.252813 0.228672
-6.250688 0.228686
-6.248563 0.228834
-6.246438 0.228785
-6.244313 0.228749
-6.242188 0.228942
-6.240063 0.228900
-6.237938 0.228966
-6.235812 0.229064
-6.233688 0.229071
-6.231563 0.229064
-6.229438 0.229200
-6.227313 0.229148
-6.225188 0.229164
-6.223063 0.229312
-6.220937 0.229252
-6.218813 0.229373
-6.216688 0.229352
-6.214563 0.229438
-6.212438 0.229486
-6.210313 0.229472
-6.208188 0.229597
-6.206062 0.229531
-6.203938 0.229589
-6.201813 0.229689
-6.199688 0.229779
-6.197563 0.229771
-6.195438 0.229802
-6.193313 0.229781
-6.191187 0.229955
-6.189063 0.229884
-6.186938 0.229861
-6.184813 0.230026
-6.182688 0.230106
-6.180563 0.230078
-6.178438 0.230151
-6.176312 0.230158
-6.174188 0.230264
-6.172063 0.230205
-6.169938 0.230252
-6.167813 0.230324
-6.165688 0.230355
-6.163563 0.230498
-6.161437 0.230467
-6.159313 0.230478
-6.157188 0.230408
-6.155063 0.230620
-6.152938 0.230653
-6.150813 0.230760
-6.148688 0.230698
-6.146562 0.230742
-6.144438 0.230705
-6.142313 0.230898
-6.140188 0.230887
-6.138063 0.230997
-6.135938 0.230845
-6.133813 0.231112
-6.131687 0.231012
-6.129563 0.231120
-6.127438 0.231039
-6.125313 0.231270
-6.123188 0.231182
-6.121063 0.231252
-6.118938 0.231281
-6.116812 0.231396
-6.114688 0.231339
-6.112563 0.231322
-6.110437 0.231527
-6.108313 0.231505
-6.106188 0.231660
-6.104063 0.231573
-6.101938 0.231589
-6.099813 0.231794
-6.097688 0.231702
-6.095562 0.231748
-6.093438 0.231755
-6.091313 0.231845
-6.089188 0.231914
-6.087063 0.231982
-6.084938 0.231819
-6.082813 0.232139
-6.080687 0.232121
-6.078563 0.232128
-6.076438 0.232122
-6.074313 0.232206
-6.072188 0.232209
-6.070063 0.232255
-6.067938 0.232306
-6.065812 0.232442
-6.063688 0.232398
-6.061563 0.232474
-6.059438 0.232487
-6.057313 0.232550
-6.055188 0.232525
-6.053063 0.232597
-6.050937 0.232764
-6.048813 0.232690
-6.046688 0.232744
-6.044563 0.232770
-6.042438 0.232928
-6.040313 0.232819
-6.038188 0.232953
-6.036062 0.232942
-6.033938 0.233105
-6.031813 0.232976
-6.029688 0.233163
-6.027563 0.233059
-6.025438 0.233162
-6.023313 0.233296
-6.021187 0.233346
-6.019063 0.233266
-6.016938 0.233425
-6.014813 0.233341
-6.012688 0.233379
-6.010563 0.233504
-6.008438 0.233562
-6.006312 0.233557
-6.004188 0.233704
-6.002063 0.233648
-5.999938 0.233718
-5.997813 0.233771
-5.995688 0.233860
-5.993563 0.233738
-5.991437 0.233975
-5.989313 0.233972
-5.987188 0.233941
-5.985062 0.234114
-5.982938 0.233871
-5.980813 0.234132
-5.978688 0.234220
-5.976562 0.234207
-5.974438 0.234288
-5.972313 0.234278
-5.970187 0.234304
-5.968063 0.234483
-5.965938 0.234309
-5.963813 0.234453
-5.961688 0.234506
-5.959563 0.234565
-5.957438 0.234701
-5.955312 0.234536
-5.953188 0.234728
-5.951063 0.234806
-5.948938 0.234755
-5.946813 0.234769
-5.944688 0.234838
-5.942563 0.234999
-5.940437 0.234917
-5.938313 0.235027
-5.936188 0.235071
-5.934063 0.235047
-5.931938 0.235185
-5.929813 0.235074
-5.927688 0.235321
-5.925562 0.235268
-5.923438 0.235376
-5.921313 0.235205
-5.919188 0.235450
-5.917063 0.235543
-5.914938 0.235489
-5.912813 0.235535
-5.910687 0.235535
-5.908563 0.235708
-5.906438 0.235616
-5.904313 0.235808
-5.902188 0.235764
-5.900063 0.235731
-5.897938 0.235894
-5.895812 0.235920
-5.893688 0.236031
-5.891563 0.235924
-5.889438 0.236031
-5.887313 0.236157
-5.885188 0.236145
-5.883063 0.236125
-5.880937 0.236205
-5.878813 0.236309
-5.876688 0.236379
-5.874563 0.236278
-5.872438 0.236442
-5.870313 0.236389
-5.868188 0.236573
-5.866062 0.236551
-5.863938 0.236499
-5.861813 0.236691
-5.859688 0.236802
-5.857563 0.236653
-5.855438 0.236694
-5.853313 0.236897
-5.851187 0.236919
-5.849063 0.236879
-5.846938 0.236995
-5.844812 0.236961
-5.842688 0.237116
-5.840563 0.237029
-5.838438 0.237143
-5.836313 0.237221
-5.834188 0.237233
-5.832063 0.237192
-5.829937 0.237442
-5.827813 0.237447
-5.825688 0.237314
-5.823563 0.237579
-5.821438 0.237536
-5.819313 0.237462
-5.817188 0.237692
-5.815062 0.237683
-5.812938 0.237562
-5.810813 0.237859
-5.808688 0.237823
-5.806563 0.237793
-5.804438 0.237978
-5.802313 0.237867
-5.800187 0.238062
-5.798063 0.238006
-5.795938 0.238143
-5.793813 0.238087
-5.791688 0.238213
-5.789563 0.238200
-5.787438 0.238236
-5.785312 0.238382
-5.783188 0.238260
-5.781063 0.238525
-5.778938 0.238410
-5.776813 0.238457
-5.774688 0.238673
-5.772563 0.238519
-5.770437 0.238713
-5.768313 0.238700
-5.766188 0.238662
-5.764063 0.238881
-5.761938 0.238839
-5.759813 0.238935
-5.757688 0.238903
-5.755562 0.238904
-5.753438 0.239078
-5.751313 0.239150
-5.749188 0.239056
-5.747063 0.239254
-5.744938 0.239060
-5.742813 0.239380
-5.740687 0.239292
-5.738563 0.239331
-5.736438 0.239472
-5.734313 0.239461
-5.732188 0.239540
-5.730063 0.239610
-5.727938 0.239473
-5.725812 0.239837
-5.723688 0.239625
-5.721563 0.239750
-5.719437 0.239793
-5.717313 0.239911
-5.715188 0.239782
-5.713063 0.240027
-5.710938 0.239955
-5.708813 0.240014
-5.706688 0.240232
-5.704562 0.240093
-5.702438 0.240161
-5.700313 0.240262
-5.698188 0.240320
-5.696063 0.240284
-5.693938 0.240416
-5.691813 0.240457
-5.689687 0.240372
-5.687563 0.240661
-5.685438 0.240504
-5.683313 0.240569
-5.681188 0.240842
-5.679063 0.240649
-5.676938 0.240849
-5.674812 0.240782
-5.672688 0.240918
-5.670563 0.240841
-5.668438 0.241094
-5.666313 0.240895
-5.664188 0.241169
-5.662063 0.241041
-5.659937 0.241237
-5.657813 0.241152
-5.655688 0.241322
-5.653563 0.241290
-5.651438 0.241503
-5.649313 0.241238
-5.647188 0.241629
-5.645062 0.241450
-5.642938 0.241637
-5.640813 0.241532
-5.638688 0.241772
-5.636563 0.241703
-5.634438 0.241782
-5.632313 0.241819
-5.630187 0.241846
-5.628063 0.241933
-5.625938 0.241875
-5.623813 0.242186
-5.621688 0.241929
-5.619563 0.242207
-5.617438 0.242102
-5.615312 0.242279
-5.613188 0.242319
-5.611063 0.242211
-5.608938 0.242333
-5.606813 0.242517
-5.604688 0.242519
-5.602563 0.242417
-5.600437 0.242644
-5.598313 0.242606
-5.596188 0.242709
-5.594062 0.242717
-5.591938 0.242745
-5.589813 0.242866
-5.587688 0.242947
-5.585562 0.242867
-5.583438 0.242949
-5.581313 0.242965
-5.579187 0.243266
-5.577063 0.243023
-5.574938 0.243256
-5.572813 0.243270
-5.570688 0.243227
-5.568563 0.243356
-5.566438 0.243338
-5.564312 0.243467
-5.562188 0.243482
-5.560063 0.243534
-5.557938 0.243638
-5.555813 0.243683
-5.553688 0.243587
-5.551563 0.243884
-5.549437 0.243702
-5.547313 0.243949
-5.545188 0.243838
-5.543063 0.243891
-5.540938 0.244122
-5.538813 0.243989
-5.536688 0.244166
-5.534562 0.244098
-5.532438 0.244142
-5.530313 0.244410
-5.528188 0.244350
-5.526063 0.244294
-5.523938 0.244470
-5.521813 0.244456
-5.519687 0.244496
-5.517563 0.244723
-5.515438 0.244565
-5.513313 0.244625
-5.511188 0.244773
-5.509063 0.244758
-5.506938 0.244866
-5.504812 0.244863
-5.502688 0.245027
-5.500563 0.244907
-5.498438 0.245151
-5.496313 0.245035
-5.494188 0.245146
-5.492063 0.245314
-5.489937 0.245163
-5.487813 0.245358
-5.485688 0.245370
-5.483563 0.245408
-5.481438 0.245446
-5.479313 0.245622
-5.477188 0.245636
-5.475062 0.245501
-5.472938 0.245725
-5.470813 0.245779
-5.468687 0.245753
-5.466563 0.245776
-5.464438 0.246009
-5.462313 0.245990
-5.460187 0.245921
-5.458063 0.246103
-5.455938 0.246109
-5.453812 0.246095
-5.451688 0.246158
-5.449563 0.246400
-5.447438 0.246356
-5.445312 0.246353
-5.443188 0.246427
-5.441063 0.246589
-5.438937 0.246470
-5.436813 0.246601
-5.434688 0.246697
-5.432563 0.246615
-5.430438 0.246829
-5.428313 0.246761
-5.426188 0.246972
-5.424062 0.246876
-5.421938 0.246985
-5.419813 0.246973
-5.417688 0.247144
-5.415563 0.247098
-5.413438 0.247231
-5.411313 0.247190
-5.409187 0.247437
-5.407063 0.247344
-5.404938 0.247260
-5.402813 0.247539
-5.400688 0.247526
-5.398563 0.247615
-5.396438 0.247600
-5.394312 0.247655
-5.392188 0.247842
-5.390063 0.247772
-5.387938 0.247770
-5.385813 0.247953
-5.383688 0.248028
-5.381563 0.248020
-5.379437 0.248048
-5.377313 0.248063
-5.375188 0.248247
-5.373063 0.248237
-5.370938 0.248333
-5.368813 0.248291
-5.366688 0.248418
-5.364562 0.248384
-5.362438 0.248633
-5.360313 0.248541
-5.358188 0.248611
-5.356063 0.248651
-5.353938 0.248692
-5.351813 0.248846
-5.349687 0.248964
-5.347563 0.248784
-5.345438 0.249033
-5.343312 0.249017
-5.341188 0.249073
-5.339063 0.249143
-5.336938 0.249204
-5.334812 0.249157
-5.332688 0.249401
-5.330563 0.249357
-5.328437 0.249381
-5.326313 0.249478
-5.324188 0.249504
-5.322063 0.249534
-5.319937 0.249742
-5.317813 0.249655
-5.315688 0.249701
-5.313562 0.249918
-5.311438 0.249825
-5.309313 0.249855
-5.307188 0.250053
-5.305063 0.250048
-5.302938 0.250069
-5.300813 0.250092
-5.298687 0.250225
-5.296563 0.250295
-5.294438 0.250339
-5.292313 0.250401
-5.290188 0.250412
-5.288063 0.250505
-5.285938 0.250537
-5.283812 0.250504
-5.281688 0.250828
-5.279563 0.250655
-5.277438 0.250813
-5.275313 0.250866
-5.273188 0.250868
-5.271063 0.250912
-5.268937 0.251042
-5.266813 0.251087
-5.264688 0.251176
-5.262563 0.251226
-5.260438 0.251214
-5.258313 0.251246
-5.256188 0.251414
-5.254062 0.251315
-5.251938 0.251599
-5.249813 0.251548
-5.247688 0.251612
-5.245563 0.251689
-5.243438 0.251603
-5.241313 0.251813
-5.239187 0.251822
-5.237063 0.251875
-5.234938 0.252028
-5.232813 0.251989
-5.230688 0.252061
-5.228563 0.252166
-5.226438 0.252212
-5.224312 0.252210
-5.222188 0.252270
-5.220063 0.252401
-5.217938 0.252310
-5.215813 0.252541
-5.213688 0.252630
-5.211563 0.252513
-5.209437 0.252660
-5.207313 0.252678
-5.205188 0.252806
-5.203062 0.252768
-5.200938 0.252895
-5.198813 0.253025
-5.196688 0.252932
-5.194562 0.253194
-5.192438 0.253113
-5.190313 0.253299
-5.188187 0.253212
-5.186063 0.253345
-5.183938 0.253372
-5.181813 0.253388
-5.179688 0.253543
-5.177563 0.253549
-5.175438 0.253545
-5.173312 0.253608
-5.171188 0.253785
-5.169063 0.253770
-5.166938 0.253893
-5.164813 0.253978
-5.162688 0.254042
-5.160563 0.253910
-5.158437 0.254220
-5.156313 0.254161
-5.154188 0.254201
-5.152063 0.254240
-5.149938 0.254411
-5.147813 0.254335
-5.145688 0.254428
-5.143562 0.254569
-5.141438 0.254603
-5.139313 0.254629
-5.137188 0.254763
-5.135063 0.254838
-5.132938 0.254856
-5.130813 0.254842
-5.128687 0.255063
-5.126563 0.254990
-5.124438 0.255010
-5.122313 0.255118
-5.120188 0.255211
-5.118063 0.255352
-5.115938 0.255284
-5.113812 0.255455
-5.111688 0.255447
-5.109563 0.255513
-5.107438 0.255532
-5.105313 0.255636
-5.103188 0.255737
-5.101063 0.255677
-5.098937 0.255894
-5.096813 0.255932
-5.094688 0.255895
-5.092563 0.256091
-5.090438 0.256067
-5.088313 0.256223
-5.086188 0.256086
-5.084062 0.256319
-5.081938 0.256329
-5.079813 0.256471
-5.077687 0.256439
-5.075563 0.256480
-5.073438 0.256615
-5.071313 0.256687
-5.069187 0.256630
-5.067063 0.256859
-5.064938 0.256859
-5.062812 0.256894
-5.060688 0.256954
-5.058563 0.257087
-5.056438 0.257107
-5.054312 0.257051
-5.052188 0.257179
-5.050063 0.257425
-5.047937 0.257336
-5.045813 0.257382
-5.043688 0.257498
-5.041563 0.257612
-5.039438 0.257546
-5.037313 0.257609
-5.035188 0.257753
-5.033062 0.257844
-5.030938 0.257934
-5.028813 0.257871
-5.026688 0.257949
-5.024563 0.258164
-5.022438 0.258080
-5.020313 0.258236
-5.018187 0.258232
-5.016063 0.258316
-5.013938 0.258342
-5.011813 0.258465
-5.009688 0.258564
-5.007563 0.258580
-5.005438 0.258704
-5.003312 0.258629
-5.001188 0.258762
-4.999063 0.258901
-4.996938 0.258961
-4.994813 0.258891
-4.992688 0.259110
-4.990563 0.259129
-4.988437 0.259047
-4.986313 0.259289
-4.984188 0.259383
-4.982063 0.259386
-4.979938 0.259424
-4.977813 0.259406
-4.975688 0.259667
-4.973562 0.259671
-4.971438 0.259663
-4.969313 0.259823
-4.967188 0.259804
-4.965063 0.259836
-4.962938 0.259997
-4.960813 0.260054
-4.958687 0.260210
-4.956563 0.260071
-4.954438 0.260160
-4.952312 0.260396
-4.950188 0.260406
-4.948063 0.260491
-4.945938 0.260379
-4.943812 0.260631
-4.941688 0.260662
-4.939563 0.260762
-4.937437 0.260740
-4.935313 0.260840
-4.933188 0.260974
-4.931063 0.261043
-4.928937 0.260960
-4.926813 0.261136
-4.924688 0.261193
-4.922562 0.261335
-4.920438 0.261312
-4.918313 0.261396
-4.916188 0.261368
-4.914062 0.261594
-4.911938 0.261595
-4.909813 0.261770
-4.907687 0.261678
-4.905563 0.261774
-4.903438 0.261781
-4.901313 0.262082
-4.899188 0.261984
-4.897063 0.262051
-4.894938 0.262135
-4.892812 0.262222
-4.890688 0.262347
-4.888563 0.262367
-4.886438 0.262393
-4.884313 0.262555
-4.882188 0.262603
-4.880063 0.262631
-4.877937 0.262642
-4.875813 0.262869
-4.873688 0.262894
-4.871563 0.262918
-4.869438 0.262918
-4.867313 0.263069
-4.865188 0.263201
-4.863062 0.263182
-4.860938 0.263185
-4.858813 0.263335
-4.856688 0.263487
-4.854563 0.263484
-4.852438 0.263504
-4.850313 0.263676
-4.848187 0.263741
-4.846063 0.263785
-4.843938 0.263767
-4.841813 0.263980
-4.839688 0.264055
-4.837563 0.264022
-4.835438 0.264067
-4.833312 0.264183
-4.831188 0.264302
-4.829063 0.264235
-4.826937 0.264486
-4.824813 0.264456
-4.822688 0.264623
-4.820563 0.264541
-4.818437 0.264766
-4.816313 0.264814
-4.814188 0.264894
-4.812062 0.264869
-4.809938 0.264983
-4.807813 0.265051
-4.805688 0.265135
-4.803562 0.265242
-4.801438 0.265228
-4.799313 0.265335
-4.797187 0.265463
-4.795063 0.265594
-4.792938 0.265598
-4.790813 0.265575
-4.788687 0.265784
-4.786563 0.265806
-4.784438 0.265807
-4.782312 0.265931
-4.780188 0.266088
-4.778063 0.266085
-4.775938 0.266011
-4.773813 0.266239
-4.771688 0.266465
-4.769563 0.266370
-4.767437 0.266450
-4.765313 0.266518
-4.763188 0.266729
-4.761063 0.266604
-4.758938 0.266833
-4.756813 0.266796
-4.754688 0.266907
-4.752562 0.266972
-4.750438 0.267035
-4.748313 0.267072
-4.746188 0.267274
-4.744063 0.267331
-4.741938 0.267313
-4.739813 0.267392
-4.737687 0.267576
-4.735563 0.267679
-4.733438 0.267553
-4.731313 0.267753
-4.729188 0.267866
-4.727063 0.267769
-4.724938 0.267991
-4.722812 0.268072
-4.720688 0.268185
-4.718563 0.268181
-4.716438 0.268319
-4.714313 0.268290
-4.712188 0.268488
-4.710063 0.268507
-4.707937 0.268587
-4.705813 0.268633
-4.703688 0.268694
-4.701562 0.268831
-4.699438 0.268833
-4.697313 0.269062
-4.695188 0.269041
-4.693062 0.269073
-4.690938 0.269223
-4.688813 0.269318
-4.686687 0.269347
-4.684563 0.269422
-4.682438 0.269436
-4.680313 0.269562
-4.678187 0.269766
-4.676063 0.269684
-4.673938 0.269815
-4.671812 0.270002
-4.669688 0.269961
-4.667563 0.270062
-4.665438 0.270137
-4.663312 0.270246
-4.661188 0.270313
-4.659063 0.270309
-4.656937 0.270457
-4.654813 0.270548
-4.652688 0.270630
-4.650563 0.270666
-4.648438 0.270828
-4.646313 0.270904
-4.644188 0.270802
-4.642062 0.271029
-4.639938 0.271153
-4.637813 0.271121
-4.635688 0.271257
-4.633563 0.271336
-4.631438 0.271493
-4.629313 0.271525
-4.627187 0.271535
-4.625063 0.271638
-4.622938 0.271846
-4.620813 0.271682
-4.618688 0.271907
-4.616563 0.272050
-4.614438 0.271977
-4.612312 0.272204
-4.610188 0.272212
-4.608063 0.272347
-4.605938 0.272471
-4.603813 0.272381
-4.601688 0.272552
-4.599563 0.272692
-4.597437 0.272613
-4.595313 0.272725
-4.593188 0.273004
-4.591063 0.272977
-4.588938 0.273017
-4.586813 0.273135
-4.584688 0.273243
-4.582562 0.273349
-4.580438 0.273314
-4.578313 0.273527
-4.576187 0.273558
-4.574063 0.273512
-4.571938 0.273761
-4.569813 0.273727
-4.567687 0.273988
-4.565563 0.273961
-4.563438 0.274047
-4.561312 0.274250
-4.559188 0.274179
-4.557063 0.274228
-4.554938 0.274374
-4.552812 0.274376
-4.550688 0.274655
-4.548563 0.274675
-4.546437 0.274684
-4.544313 0.274876
-4.542188 0.274854
-4.540063 0.275010
-4.537937 0.275011
-4.535813 0.275144
-4.533688 0.275385
-4.531562 0.275158
-4.529438 0.275340
-4.527313 0.275613
-4.525188 0.275557
-4.523062 0.275706
-4.520938 0.275770
-4.518813 0.275921
-4.516687 0.275807
-4.514563 0.275991
-4.512438 0.276203
-4.510313 0.276106
-4.508188 0.276280
-4.506063 0.276329
-4.503938 0.276460
-4.501812 0.276588
-4.499688 0.276646
-4.497563 0.276758
-4.495438 0.276631
-4.493313 0.277006
-4.491188 0.276983
-4.489063 0.277044
-4.486937 0.277142
-4.484813 0.277223
-4.482688 0.277299
-4.480563 0.277416
-4.478438 0.277592
-4.476313 0.277637
-4.474188 0.277566
-4.472062 0.277964
-4.469938 0.277774
-4.467813 0.277972
-4.465688 0.278025
-4.463563 0.278108
-4.461438 0.278190
-4.459313 0.278329
-4.457187 0.278451
-4.455063 0.278397
-4.452938 0.278711
-4.450813 0.278695
-4.448688 0.278694
-4.446563 0.278908
-4.444438 0.278904
-4.442312 0.279102
-4.440188 0.279044
-4.438063 0.279235
-4.435937 0.279272
-4.433813 0.279515
-4.431688 0.279453
-4.429563 0.279500
-4.427437 0.279793
-4.425313 0.279729
-4.423188 0.279916
-4.421062 0.279881
-4.418938 0.280139
-4.416813 0.280098
-4.414688 0.280260
-4.412562 0.280367
-4.410438 0.280336
-4.408313 0.280546
-4.406187 0.280480
-4.404063 0.280738
-4.401938 0.280829
-4.399813 0.280964
-4.397687 0.280935
-4.395563 0.281185
-4.393438 0.281109
-4.391312 0.281285
-4.389188 0.281331
-4.387063 0.281470
-4.384938 0.281633
-4.382812 0.281521
-4.380688 0.281744
-4.378563 0.281803
-4.376437 0.282011
-4.374313 0.281827
-4.372188 0.282286
-4.370063 0.282229
-4.367938 0.282302
-4.365813 0.282477
-4.363688 0.282415
-4.361562 0.282691
-4.359438 0.282616
-4.357313 0.282895
-4.355188 0.282839
-4.353063 0.283031
-4.350938 0.283030
-4.348813 0.283284
-4.346687 0.283055
-4.344563 0.283488
-4.342438 0.283524
-4.340313 0.283465
-4.338188 0.283694
-4.336063 0.283759
-4.333938 0.283971
-4.331812 0.283937
-4.329688 0.284069
-4.327563 0.284184
-4.325438 0.284282
-4.323313 0.284329
-4.321188 0.284565
-4.319063 0.284401
-4.316937 0.284840
-4.314813 0.284669
-4.312688 0.284901
-4.310562 0.284896
-4.308438 0.285148
-4.306313 0.285095
-4.304188 0.285307
-4.302062 0.285333
-4.299938 0.285515
-4.297813 0.285415
-4.295687 0.285865
-4.293563 0.285507
-4.291438 0.286047
-4.289313 0.285835
-4.287187 0.286191
-4.285063 0.286181
-4.282938 0.286301
-4.280812 0.286380
-4.278688 0.286472
-4.276563 0.286651
-4.274438 0.286678
-4.272312 0.286775
-4.270188 0.286880
-4.268063 0.287043
-4.265937 0.287160
-4.263813 0.287069
-4.261688 0.287388
-4.259563 0.287401
-4.257437 0.287551
-4.255313 0.287653
-4.253188 0.287729
-4.251062 0.287817
-4.248938 0.287890
-4.246813 0.288174
-4.244688 0.288103
-4.242563 0.288254
-4.240438 0.288272
-4.238313 0.288454
-4.236187 0.288695
-4.234063 0.288662
-4.231938 0.288826
-4.229813 0.288854
-4.227688 0.289017
-4.225563 0.289017
-4.223438 0.289307
-4.221312 0.289219
-4.219188 0.289605
-4.217063 0.289408
-4.214938 0.289743
-4.212813 0.289606
-4.210688 0.290012
-4.208563 0.289891
-4.206437 0.290117
-4.204313 0.290198
-4.202188 0.290374
-4.200063 0.290307
-4.197938 0.290586
-4.195813 0.290531
-4.193688 0.290811
-4.191562 0.290778
-4.189438 0.291026
-4.187313 0.290955
-4.185187 0.291170
-4.183063 0.291400
-4.180938 0.291414
-4.178813 0.291530
-4.176687 0.291647
-4.174563 0.291773
-4.172438 0.291814
-4.170312 0.291928
-4.168188 0.292060
-4.166063 0.292286
-4.163938 0.292195
-4.161812 0.292475
-4.159688 0.292491
-4.157563 0.292673
-4.155437 0.292716
-4.153313 0.292839
-4.151188 0.293016
-4.149063 0.293021
-4.146937 0.293278
-4.144813 0.293287
-4.142688 0.293434
-4.140562 0.293531
-4.138438 0.293681
-4.136313 0.293711
-4.134188 0.293975
-4.132062 0.293991
-4.129938 0.294201
-4.127813 0.294242
-4.125687 0.294362
-4.123563 0.294434
-4.121438 0.294631
-4.119313 0.294603
-4.117188 0.294833
-4.115063 0.294975
-4.112938 0.295038
-4.110812 0.295269
-4.108688 0.295214
-4.106563 0.295532
-4.104438 0.295453
-4.102313 0.295667
-4.100188 0.295779
-4.098063 0.295942
-4.095937 0.295937
-4.093813 0.296201
-4.091688 0.296192
-4.089563 0.296348
-4.087438 0.296631
-4.085313 0.296481
-4.083188 0.296856
-4.081062 0.296747
-4.078938 0.297108
-4.076813 0.297011
-4.074688 0.297226
-4.072563 0.297307
-4.070438 0.297487
-4.068313 0.297675
-4.066187 0.297597
-4.064063 0.297946
-4.061938 0.297888
-4.059812 0.298070
-4.057688 0.298202
-4.055563 0.298291
-4.053438 0.298586
-4.051312 0.298513
-4.049188 0.298772
-4.047063 0.298691
-4.044937 0.299032
-4.042813 0.298910
-4.040688 0.299377
-4.038563 0.299281
-4.036437 0.299391
-4.034313 0.299692
-4.032188 0.299616
-4.030062 0.299896
-4.027938 0.299928
-4.025813 0.300257
-4.023688 0.300108
-4.021562 0.300428
-4.019438 0.300450
-4.017313 0.300434
-4.015187 0.300870
-4.013063 0.300872
-4.010938 0.300911
-4.008813 0.301147
-4.006687 0.301194
-4.004563 0.301396
-4.002438 0.301507
-4.000313 0.301763
-3.998188 0.301700
-3.996063 0.301870
-3.993938 0.302089
-3.991812 0.302191
-3.989688 0.302281
-3.987563 0.302368
-3.985438 0.302592
-3.983313 0.302633
-3.981187 0.302963
-3.979063 0.302956
-3.976938 0.303035
-3.974813 0.303162
-3.972688 0.303381
-3.970563 0.303590
-3.968438 0.303626
-3.966312 0.303672
-3.964188 0.304000
-3.962063 0.303986
-3.959938 0.304214
-3.957813 0.304110
-3.955688 0.304657
-3.953563 0.304559
-3.951437 0.304701
-3.949313 0.304791
-3.947188 0.305059
-3.945063 0.305230
-3.942938 0.305175
-3.940813 0.305367
-3.938688 0.305653
-3.936562 0.305650
-3.934438 0.305758
-3.932313 0.306051
-3.930188 0.306117
-3.928063 0.306272
-3.925938 0.306354
-3.923813 0.306543
-3.921687 0.306613
-3.919563 0.306795
-3.917438 0.307086
-3.915313 0.306974
-3.913188 0.307276
-3.911062 0.307437
-3.908938 0.307492
-3.906813 0.307658
-3.904688 0.307777
-3.902563 0.308067
-3.900438 0.307966
-3.898313 0.308340
-3.896187 0.308355
-3.894063 0.308397
-3.891938 0.308911
-3.889813 0.308715
-3.887688 0.308967
-3.885563 0.309165
-3.883438 0.309219
-3.881312 0.309405
-3.879188 0.309612
-3.877063 0.309746
-3.874938 0.309874
-3.872813 0.309998
-3.870688 0.310154
-3.868563 0.310341
-3.866437 0.310436
-3.864313 0.310462
-3.862188 0.310880
-3.860063 0.310906
-3.857938 0.311111
-3.855813 0.311186
-3.853688 0.311355
-3.851562 0.311555
-3.849438 0.311626
-3.847313 0.311896
-3.845188 0.311914
-3.843063 0.312215
-3.840937 0.312195
-3.838813 0.312430
-3.836688 0.312597
-3.834563 0.312615
-3.832438 0.313093
-3.830313 0.312964
-3.828188 0.313239
-3.826062 0.313469
-3.823938 0.313406
-3.821813 0.313791
-3.819688 0.313766
-3.817563 0.314092
-3.815438 0.314133
-3.813313 0.314326
-3.811187 0.314444
-3.809063 0.314704
-3.806938 0.314681
-3.804813 0.315088
-3.802688 0.315049
-3.800563 0.315319
-3.798438 0.315412
-3.796312 0.315596
-3.794188 0.315797
-3.792063 0.316014
-3.789938 0.315961
-3.787813 0.316352
-3.785687 0.316367
-3.783563 0.316609
-3.781438 0.316823
-3.779313 0.316719
-3.777188 0.317257
-3.775063 0.317181
-3.772938 0.317480
-3.770812 0.317532
-3.768688 0.317868
-3.766563 0.317778
-3.764438 0.318265
-3.762313 0.318126
-3.760188 0.318533
-3.758063 0.318523
-3.755937 0.318671
-3.753813 0.319058
-3.751688 0.319179
-3.749563 0.319221
-3.747438 0.319584
-3.745313 0.319419
-3.743188 0.319988
-3.741062 0.319873
-3.738938 0.320088
-3.736813 0.320377
-3.734688 0.320577
-3.732563 0.320527
-3.730438 0.321064
-3.728313 0.320931
-3.726187 0.321115
-3.724063 0.321389
-3.721938 0.321642
-3.719813 0.321710
-3.717688 0.322010
-3.715562 0.321900
-3.713438 0.322343
-3.711313 0.322450
-3.709188 0.322680
-3.707063 0.322718
-3.704938 0.323056
-3.702813 0.323182
-3.700687 0.323398
-3.698563 0.323472
-3.696438 0.323841
-3.694313 0.323794
-3.692188 0.324107
-3.690063 0.324288
-3.687938 0.324553
-3.685812 0.324532
-3.683688 0.324915
-3.681563 0.324970
-3.679438 0.325179
-3.677313 0.325580
-3.675188 0.325508
-3.673063 0.325688
-3.670937 0.326081
-3.668813 0.326194
-3.666688 0.326336
-3.664563 0.326490
-3.662438 0.326703
-3.660312 0.326938
-3.658188 0.327070
-3.656062 0.327326
-3.653938 0.327633
-3.651813 0.327639
-3.649688 0.327881
-3.647563 0.328009
-3.645437 0.328382
-3.643313 0.328383
-3.641188 0.328740
-3.639063 0.328961
-3.636938 0.329040
-3.634813 0.329350
-3.632688 0.329371
-3.630562 0.329705
-3.628438 0.329929
-3.626313 0.329907
-3.624188 0.330412
-3.622063 0.330507
-3.619938 0.330670
-3.617813 0.330983
-3.615687 0.331119
-3.613563 0.331189
-3.611438 0.331559
-3.609313 0.331738
-3.607188 0.331950
-3.605063 0.332114
-3.602938 0.332357
-3.600812 0.332514
-3.598688 0.332809
-3.596563 0.332976
-3.594438 0.333124
-3.592313 0.333464
-3.590187 0.333534
-3.588063 0.333817
-3.585938 0.334114
-3.583813 0.334276
-3.581688 0.334302
-3.579563 0.334901
-3.577438 0.334819
-3.575312 0.335091
-3.573188 0.335416
-3.571063 0.335493
-3.568938 0.335760
-3.566813 0.336092
-3.564688 0.336121
-3.562563 0.336273
-3.560437 0.336911
-3.558313 0.336765
-3.556188 0.337165
-3.554063 0.337378
-3.551938 0.337391
-3.549813 0.337798
-3.547688 0.338146
-3.545562 0.338173
-3.543438 0.338418
-3.541313 0.338810
-3.539188 0.338858
-3.537063 0.339116
-3.534938 0.339524
-3.532813 0.339533
-3.530687 0.339728
-3.528563 0.340304
-3.526438 0.340281
-3.524313 0.340461
-3.522188 0.340883
-3.520062 0.341013
-3.517938 0.341127
-3.515813 0.341655
-3.513688 0.341754
-3.511563 0.341848
-3.509438 0.342357
-3.507313 0.342388
-3.505187 0.342660
-3.503063 0.343132
-3.500938 0.343055
-3.498813 0.343459
-3.496688 0.343724
-3.494563 0.343943
-3.492438 0.344151
-3.490312 0.344475
-3.488188 0.344653
-3.486063 0.344914
-3.483938 0.345190
-3.481813 0.345548
-3.479688 0.345535
-3.477563 0.346083
-3.475437 0.346153
-3.473313 0.346418
-3.471188 0.346721
-3.469063 0.347071
-3.466938 0.347014
-3.464812 0.347628
-3.462688 0.347756
-3.460562 0.348008
-3.458438 0.348214
-3.456313 0.348694
-3.454188 0.348735
-3.452063 0.349017
-3.449937 0.349427
-3.447813 0.349523
-3.445688 0.349901
-3.443563 0.350226
-3.441438 0.350316
-3.439313 0.350633
-3.437188 0.351056
-3.435062 0.351218
-3.432938 0.351442
-3.430813 0.351951
-3.428688 0.351940
-3.426563 0.352243
-3.424438 0.352726
-3.422313 0.352989
-3.420187 0.353168
-3.418063 0.353327
-3.415938 0.353857
-3.413813 0.353982
-3.411688 0.354329
-3.409563 0.354748
-3.407438 0.354700
-3.405312 0.355163
-3.403188 0.355631
-3.401063 0.355753
-3.398938 0.355961
-3.396813 0.356508
-3.394687 0.356649
-3.392563 0.356959
-3.390437 0.357184
-3.388313 0.357560
-3.386188 0.357841
-3.384063 0.358165
-3.381938 0.358480
-3.379812 0.358790
-3.377688 0.358966
-3.375563 0.359558
-3.373438 0.359640
-3.371313 0.359911
-3.369188 0.360353
-3.367063 0.360681
-3.364937 0.360795
-3.362813 0.361349
-3.360688 0.361484
-3.358563 0.361877
-3.356438 0.362086
-3.354313 0.362777
-3.352188 0.362815
-3.350062 0.363014
-3.347938 0.363570
-3.345813 0.363741
-3.343688 0.364207
-3.341563 0.364516
-3.339437 0.364784
-3.337313 0.365037
-3.335187 0.365584
-3.333063 0.365802
-3.330938 0.366107
-3.328813 0.366527
-3.326688 0.366911
-3.324562 0.367092
-3.322438 0.367493
-3.320312 0.367954
-3.318188 0.368211
-3.316063 0.368407
-3.313938 0.368978
-3.311813 0.369282
-3.309687 0.369564
-3.307563 0.369937
-3.305438 0.370355
-3.303313 0.370700
-3.301188 0.371012
-3.299063 0.371442
-3.296938 0.371832
-3.294812 0.371923
-3.292688 0.372608
-3.290563 0.372929
-3.288438 0.373142
-3.286313 0.373655
-3.284188 0.374102
-3.282063 0.374215
-3.279937 0.374736
-3.277813 0.375279
-3.275688 0.375470
-3.273563 0.375733
-3.271438 0.376397
-3.269312 0.376623
-3.267188 0.377054
-3.265062 0.377485
-3.262938 0.377846
-3.260813 0.378177
-3.258688 0.378513
-3.256563 0.379236
-3.254437 0.379410
-3.252313 0.379813
-3.250188 0.380323
-3.248063 0.380690
-3.245938 0.380997
-3.243813 0.381398
-3.241688 0.382090
-3.239562 0.382270
-3.237438 0.382643
-3.235313 0.383296
-3.233188 0.383608
-3.231063 0.383758
-3.228938 0.384650
-3.226813 0.384949
-3.224687 0.385305
-3.222563 0.385613
-3.220438 0.386344
-3.218313 0.386675
-3.216188 0.386994
-3.214062 0.387642
-3.211938 0.387941
-3.209812 0.388473
-3.207688 0.388788
-3.205563 0.389476
-3.203438 0.389778
-3.201313 0.390220
-3.199187 0.390785
-3.197063 0.391318
-3.194937 0.391530
-3.192813 0.392219
-3.190688 0.392817
-3.188563 0.392948
-3.186438 0.393572
-3.184312 0.394329
-3.182188 0.394483
-3.180063 0.395032
-3.177938 0.395547
-3.175813 0.396228
-3.173688 0.396513
-3.171563 0.397113
-3.169437 0.397691
-3.167313 0.398172
-3.165188 0.398468
-3.163063 0.399269
-3.160938 0.399558
-3.158813 0.400297
-3.156688 0.400596
-3.154562 0.401355
-3.152438 0.401870
-3.150313 0.402246
-3.148188 0.402983
-3.146063 0.403513
-3.143937 0.403800
-3.141813 0.404638
-3.139687 0.405211
-3.137563 0.405616
-3.135438 0.406163
-3.133313 0.407007
-3.131188 0.407422
-3.129062 0.407851
-3.126938 0.408505
-3.124812 0.409305
-3.122688 0.409697
-3.120563 0.410227
-3.118438 0.411071
-3.116313 0.411655
-3.114187 0.412043
-3.112063 0.412729
-3.109938 0.413517
-3.107813 0.413995
-3.105688 0.414583
-3.103563 0.415403
-3.101438 0.415955
-3.099312 0.416538
-3.097188 0.417187
-3.095063 0.417962
-3.092938 0.418608
-3.090813 0.419072
-3.088688 0.419900
-3.086563 0.420712
-3.084437 0.421196
-3.082313 0.421819
-3.080188 0.422796
-3.078063 0.423325
-3.075938 0.424018
-3.073812 0.424817
-3.071688 0.425461
-3.069562 0.426134
-3.067438 0.426841
-3.065313 0.427947
-3.063188 0.428300
-3.061063 0.429134
-3.058937 0.429957
-3.056813 0.430780
-3.054688 0.431377
-3.052563 0.432226
-3.050438 0.433256
-3.048313 0.433631
-3.046188 0.434602
-3.044062 0.435585
-3.041938 0.436248
-3.039813 0.437102
-3.037688 0.437715
-3.035563 0.438992
-3.033438 0.439549
-3.031313 0.440389
-3.029187 0.441483
-3.027063 0.442225
-3.024938 0.443022
-3.022813 0.443939
-3.020688 0.445073
-3.018562 0.445782
-3.016438 0.446743
-3.014312 0.447640
-3.012188 0.448746
-3.010063 0.449536
-3.007938 0.450405
-3.005813 0.451645
-3.003687 0.452523
-3.001563 0.453477
-2.999437 0.454376
-2.997313 0.455745
-2.995188 0.456573
-2.993063 0.457475
-2.990938 0.458784
-2.988812 0.459795
-2.986688 0.460795
-2.984563 0.461835
-2.982438 0.463209
-2.980313 0.464114
-2.978188 0.465247
-2.976063 0.466581
-2.973937 0.467689
-2.971813 0.468733
-2.969688 0.469988
-2.967563 0.471460
-2.965438 0.472455
-2.963313 0.473580
-2.961188 0.475253
-2.959062 0.476226
-2.956938 0.477662
-2.954813 0.478773
-2.952688 0.480446
-2.950563 0.481782
-2.948437 0.482952
-2.946313 0.484290
-2.944187 0.486159
-2.942063 0.487345
-2.939938 0.488673
-2.937813 0.490496
-2.935688 0.491901
-2.933562 0.493422
-2.931438 0.494852
-2.929312 0.496812
-2.927188 0.498283
-2.925063 0.499869
-2.922938 0.501635
-2.920813 0.503479
-2.918687 0.505014
-2.916563 0.506851
-2.914438 0.508922
-2.912313 0.510628
-2.910188 0.512428
-2.908063 0.514416
-2.905938 0.516676
-2.903812 0.518569
-2.901688 0.520382
-2.899563 0.522799
-2.897438 0.525004
-2.895313 0.526956
-2.893187 0.529242
-2.891063 0.531922
-2.888937 0.534041
-2.886813 0.536472
-2.884688 0.539094
-2.882563 0.541769
-2.880438 0.544149
-2.878312 0.546925
-2.876188 0.550003
-2.874062 0.552742
-2.871938 0.555494
-2.869813 0.558602
-2.867688 0.562144
-2.865563 0.565227
-2.863437 0.568410
-2.861313 0.572260
-2.859187 0.575786
-2.857063 0.579346
-2.854938 0.583163
-2.852813 0.587942
-2.850688 0.591752
-2.848562 0.596053
-2.846438 0.600847
-2.844313 0.606008
-2.842188 0.610801
-2.840063 0.616110
-2.837938 0.622252
-2.835813 0.628006
-2.833687 0.634304
-2.831563 0.641097
-2.829438 0.649085
-2.827313 0.656613
-2.825188 0.664889
-2.823062 0.674590
-2.820938 0.685025
-2.818812 0.695994
-2.816688 0.708600
-2.814563 0.723995
-2.812438 0.740388
-2.810313 0.760245
-2.808187 0.784896
-2.806063 0.819074
-2.803937 0.865182
-2.801813 0.953624
-2.799688 1.111575
-2.797563 0.917529
-2.795438 0.847455
-2.793312 0.805684
-2.791188 0.775102
-2.789062 0.750742
-2.786938 0.731419
-2.784813 0.715502
-2.782688 0.699928
-2.780563 0.687375
-2.778437 0.676094
-2.776313 0.665894
-2.774188 0.655697
-2.772063 0.647087
-2.769938 0.639249
-2.767813 0.631375
-2.765688 0.624009
-2.763562 0.617440
-2.761438 0.611368
-2.759313 0.604801
-2.757188 0.599207
-2.755063 0.593841
-2.752937 0.588782
-2.750813 0.583408
-2.748687 0.578873
-2.746563 0.574501
-2.744438 0.569548
-2.742313 0.565351
-2.740188 0.561439
-2.738062 0.557553
-2.735938 0.553350
-2.733812 0.549673
-2.731688 0.546281
-2.729563 0.542741
-2.727438 0.539033
-2.725313 0.535881
-2.723187 0.532905
-2.721063 0.529412
-2.718938 0.526281
-2.716813 0.523534
-2.714688 0.520638
-2.712563 0.517564
-2.710438 0.514814
-2.708312 0.512436
-2.706188 0.509292
-2.704063 0.506814
-2.701938 0.504375
-2.699813 0.502042
-2.697687 0.499151
-2.695563 0.496974
-2.693437 0.494587
-2.691313 0.492340
-2.689188 0.489886
-2.687063 0.487751
-2.684938 0.485813
-2.682812 0.483232
-2.680688 0.481219
-2.678562 0.479217
-2.676438 0.477355
-2.674313 0.474876
-2.672188 0.473204
-2.670063 0.471374
-2.667937 0.469085
-2.665813 0.467312
-2.663687 0.465539
-2.661563 0.463763
-2.659438 0.461652
-2.657313 0.460044
-2.655188 0.458295
-2.653062 0.456594
-2.650938 0.454664
-2.648813 0.453143
-2.646688 0.451486
-2.644563 0.449666
-2.642438 0.448067
-2.640313 0.446548
-2.638187 0.445039
-2.636063 0.443230
-2.633938 0.441776
-2.631813 0.440466
-2.629688 0.438560
-2.627562 0.437200
-2.625438 0.435685
-2.623312 0.434448
-2.621188 0.432658
-2.619063 0.431394
-2.616938 0.430024
-2.614813 0.428607
-2.612687 0.427092
-2.610563 0.425741
-2.608437 0.424578
-2.606313 0.422951
-2.604188 0.421605
-2.602063 0.420526
-2.599938 0.419119
-2.597812 0.417661
-2.595688 0.416507
-2.593562 0.415476
-2.591438 0.413819
-2.589313 0.412632
-2.587188 0.411572
-2.585063 0.410356
-2.582937 0.408909
-2.580813 0.407850
-2.578688 0.406830
-2.576563 0.405270
-2.574438 0.404235
-2.572312 0.403154
-2.570188 0.402081
-2.568062 0.400717
-2.565938 0.399587
-2.563813 0.398738
-2.561688 0.397330
-2.559563 0.396277
-2.557437 0.395297
-2.555313 0.394300
-2.553187 0.392821
-2.551063 0.391985
-2.548938 0.390925
-2.546813 0.389907
-2.544688 0.388708
-2.542562 0.387754
-2.540438 0.386887
-2.538312 0.385600
-2.536188 0.384662
-2.534063 0.383732
-2.531938 0.382640
-2.529813 0.381704
-2.527687 0.380557
-2.525563 0.379916
-2.523438 0.378521
-2.521313 0.377664
-2.519188 0.376892
-2.517063 0.375887
-2.514938 0.374789
-2.512812 0.373882
-2.510688 0.373029
-2.508563 0.372071
-2.506438 0.371080
-2.504313 0.370224
-2.502187 0.369343
-2.500063 0.368265
-2.497937 0.367418
-2.495813 0.366754
-2.493688 0.365575
-2.491563 0.364770
-2.489438 0.364071
-2.487312 0.363100
-2.485188 0.362073
-2.483062 0.361282
-2.480938 0.360586
-2.478813 0.359423
-2.476688 0.358695
-2.474563 0.357968
-2.472437 0.357063
-2.470313 0.356097
-2.468187 0.355462
-2.466063 0.354623
-2.463938 0.353671
-2.461813 0.352909
-2.459688 0.352156
-2.457562 0.351297
-2.455438 0.350480
-2.453313 0.349715
-2.451188 0.348886
-2.449063 0.348067
-2.446938 0.347390
-2.444813 0.346482
-2.442687 0.345807
-2.440563 0.344938
-2.438438 0.344189
-2.436313 0.343570
-2.434188 0.342578
-2.432062 0.341851
-2.429938 0.341374
-2.427812 0.340240
-2.425688 0.339738
-2.423563 0.338885
-2.421438 0.338272
-2.419313 0.337361
-2.417187 0.336720
-2.415063 0.336046
-2.412937 0.335219
-2.410813 0.334483
-2.408688 0.333845
-2.406563 0.333130
-2.404438 0.332353
-2.402312 0.331664
-2.400188 0.331047
-2.398062 0.330274
-2.395938 0.329500
-2.393813 0.328879
-2.391688 0.328205
-2.389563 0.327475
-2.387437 0.326750
-2.385313 0.326249
-2.383188 0.325325
-2.381063 0.324694
-2.378938 0.324289
-2.376812 0.323334
-2.374688 0.322637
-2.372562 0.322129
-2.370438 0.321493
-2.368313 0.320639
-2.366188 0.320026
-2.364063 0.319552
-2.361937 0.318830
-2.359813 0.318061
-2.357687 0.317443
-2.355563 0.316894
-2.353438 0.316138
-2.351313 0.315582
-2.349188 0.315031
-2.347062 0.314140
-2.344938 0.313629
-2.342812 0.313251
-2.340688 0.312243
-2.338563 0.311784
-2.336438 0.311116
-2.334313 0.310601
-2.332187 0.309940
-2.330063 0.309300
-2.327937 0.308759
-2.325813 0.307955
-2.323688 0.307421
-2.321563 0.306944
-2.319438 0.306190
-2.317312 0.305669
-2.315188 0.305089
-2.313063 0.304544
-2.310938 0.303825
-2.308813 0.303287
-2.306687 0.302755
-2.304563 0.301980
-2.302437 0.301548
-2.300313 0.301067
-2.298188 0.300225
-2.296063 0.299734
-2.293938 0.299244
-2.291812 0.298668
-2.289688 0.298028
-2.287562 0.297451
-2.285438 0.296994
-2.283313 0.296296
-2.281188 0.295710
-2.279063 0.295341
-2.276937 0.294674
-2.274813 0.294049
-2.272687 0.293548
-2.270563 0.292905
-2.268438 0.292460
-2.266313 0.291874
-2.264188 0.291325
-2.262062 0.290756
-2.259938 0.290242
-2.257812 0.289750
-2.255688 0.289069
-2.253563 0.288609
-2.251437 0.288187
-2.249313 0.287474
-2.247187 0.286910
-2.245063 0.286462
-2.242938 0.285905
-2.240813 0.285386
-2.238688 0.284815
-2.236562 0.284411
-2.234438 0.283734
-2.232312 0.283270
-2.230188 0.282920
-2.228063 0.282110
-2.225938 0.281737
-2.223813 0.281271
-2.221687 0.280651
-2.219563 0.280181
-2.217437 0.279632
-2.215313 0.279270
-2.213188 0.278665
-2.211063 0.278025
-2.208938 0.277655
-2.206812 0.277035
-2.204688 0.276645
-2.202562 0.276194
-2.200438 0.275570
-2.198313 0.275077
-2.196188 0.274720
-2.194063 0.274028
-2.191937 0.273557
-2.189813 0.273214
-2.187688 0.272648
-2.185563 0.272047
-2.183438 0.271709
-2.181312 0.271208
-2.179188 0.270533
-2.177062 0.270304
-2.174938 0.269698
-2.172813 0.269186
-2.170688 0.268718
-2.168563 0.268390
-2.166437 0.267708
-2.164313 0.267355
-2.162187 0.266838
-2.160063 0.266358
-2.157938 0.265832
-2.155813 0.265464
-2.153688 0.264974
-2.151562 0.264395
-2.149438 0.264086
-2.147312 0.263554
-2.145188 0.262986
-2.143063 0.262591
-2.140938 0.262181
-2.138813 0.261632
-2.136687 0.261324
-2.134563 0.260781
-2.132437 0.260159
-2.130313 0.259913
-2.128188 0.259429
-2.126062 0.258900
-2.123938 0.258448
-2.121812 0.258033
-2.119688 0.257563
-2.117563 0.257046
-2.115438 0.256779
-2.113313 0.256191
-2.111187 0.255763
-2.109063 0.255340
-2.106937 0.254824
-2.104813 0.254497
-2.102688 0.254018
-2.100563 0.253565
-2.098438 0.253073
-2.096312 0.252742
-2.094188 0.252172
-2.092062 0.251788
-2.089938 0.251491
-2.087813 0.250836
-2.085688 0.250395
-2.083563 0.250224
-2.081437 0.249565
-2.079313 0.249162
-2.077187 0.248921
-2.075063 0.248200
-2.072938 0.247932
-2.070813 0.247523
-2.068688 0.247005
-2.066562 0.246691
-2.064438 0.246213
-2.062312 0.245770
-2.060188 0.245346
-2.058063 0.244931
-2.055937 0.244455
-2.053813 0.244089
-2.051687 0.243819
-2.049563 0.243196
-2.047438 0.242860
-2.045313 0.242441
-2.043188 0.242005
-2.041062 0.241644
-2.038938 0.241204
-2.036812 0.240742
-2.034688 0.240276
-2.032563 0.240126
-2.030438 0.239464
-2.028313 0.239102
-2.026187 0.238793
-2.024063 0.238349
-2.021937 0.237864
-2.019813 0.237583
-2.017688 0.237020
-2.015563 0.236762
-2.013438 0.236307
-2.011312 0.235815
-2.009188 0.235629
-2.007062 0.235024
-2.004938 0.234681
-2.002813 0.234342
-2.000688 0.233888
-1.998563 0.233631
-1.996438 0.232929
-1.994313 0.232869
-1.992188 0.232289
-1.990063 0.231920
-1.987938 0.231567
-1.985813 0.231123
-1.983688 0.230828
-1.981563 0.230299
-1.979438 0.229988
-1.977313 0.229565
-1.975188 0.229304
-1.973063 0.228726
-1.970938 0.228487
-1.968813 0.228019
-1.966688 0.227691
-1.964563 0.227295
-1.962438 0.226895
-1.960313 0.226452
-1.958188 0.226215
-1.956063 0.225706
-1.953938 0.225331
-1.951813 0.225163
-1.949688 0.224463
-1.947563 0.224278
-1.945438 0.223932
-1.943313 0.223435
-1.941188 0.223119
-1.939063 0.222780
-1.936938 0.222223
-1.934813 0.222175
-1.932688 0.221491
-1.930563 0.221241
-1.928438 0.220897
-1.926313 0.220526
-1.924188 0.220016
-1.922063 0.219819
-1.919938 0.219452
-1.917813 0.218941
-1.915688 0.218755
-1.913563 0.218338
-1.911438 0.217811
-1.909313 0.217611
-1.907188 0.217074
-1.905063 0.216963
-1.902938 0.216455
-1.900813 0.216058
-1.898688 0.215719
-1.896563 0.215445
-1.894437 0.215021
-1.892313 0.214664
-1.890188 0.214248
-1.888063 0.213963
-1.885938 0.213588
-1.883813 0.213302
-1.881688 0.212790
-1.879563 0.212603
-1.877438 0.212052
-1.875313 0.211879
-1.873188 0.211405
-1.871063 0.211087
-1.868938 0.210796
-1.866813 0.210454
-1.864688 0.209916
-1.862563 0.209823
-1.860438 0.209275
-1.858313 0.208945
-1.856188 0.208732
-1.854063 0.208193
-1.851938 0.207984
-1.849813 0.207557
-1.847688 0.207265
-1.845563 0.206985
-1.843438 0.206490
-1.841313 0.206233
-1.839188 0.205864
-1.837063 0.205506
-1.834938 0.205141
-1.832813 0.204833
-1.830688 0.204497
-1.828563 0.204210
-1.826438 0.203796
-1.824313 0.203454
-1.822188 0.203128
-1.820063 0.202755
-1.817938 0.202463
-1.815813 0.202129
-1.813688 0.201754
-1.811563 0.201545
-1.809438 0.201034
-1.807313 0.200763
-1.805188 0.200473
-1.803063 0.200019
-1.800938 0.199823
-1.798813 0.199421
-1.796687 0.199053
-1.794563 0.198771
-1.792438 0.198424
-1.790313 0.198043
-1.788188 0.197793
-1.786063 0.197477
-1.783938 0.197016
-1.781813 0.196924
-1.779688 0.196273
-1.777563 0.196208
-1.775438 0.195739
-1.773313 0.195448
-1.771188 0.195203
-1.769063 0.194728
-1.766938 0.194493
-1.764813 0.194134
-1.762688 0.193788
-1.760563 0.193528
-1.758438 0.193170
-1.756313 0.192889
-1.754188 0.192450
-1.752063 0.192201
-1.749938 0.191926
-1.747813 0.191524
-1.745688 0.191150
-1.743563 0.191027
-1.741438 0.190558
-1.739313 0.190304
-1.737188 0.189920
-1.735063 0.189643
-1.732938 0.189278
-1.730813 0.189083
-1.728688 0.188624
-1.726562 0.188324
-1.724438 0.188019
-1.722313 0.187868
-1.720188 0.187259
-1.718063 0.187145
-1.715938 0.186736
-1.713813 0.186481
-1.711688 0.186177
-1.709563 0.185884
-1.707438 0.185450
-1.705313 0.185162
-1.703188 0.184903
-1.701063 0.184636
-1.698937 0.184195
-1.696813 0.184132
-1.694688 0.183551
-1.692563 0.183333
-1.690438 0.183019
-1.688313 0.182719
-1.686188 0.182437
-1.684063 0.182060
-1.681938 0.181741
-1.679813 0.181557
-1.677688 0.181139
-1.675563 0.180915
-1.673438 0.180494
-1.671312 0.180293
-1.669188 0.179925
-1.667063 0.179643
-1.664938 0.179366
-1.662813 0.179105
-1.660688 0.178690
-1.658563 0.178406
-1.656438 0.178121
-1.654313 0.177843
-1.652188 0.177469
-1.650063 0.177206
-1.647938 0.176979
-1.645813 0.176532
-1.643688 0.176364
-1.641563 0.175977
-1.639438 0.175746
-1.637313 0.175444
-1.635188 0.175044
-1.633063 0.174878
-1.630938 0.174457
-1.628812 0.174292
-1.626688 0.173885
-1.624563 0.173647
-1.622438 0.173275
-1.620313 0.172983
-1.618188 0.172754
-1.616063 0.172452
-1.613938 0.172201
-1.611813 0.171809
-1.609688 0.171564
-1.607563 0.171241
-1.605438 0.170883
-1.603313 0.170747
-1.601187 0.170322
-1.599063 0.170182
-1.596938 0.169764
-1.594813 0.169455
-1.592688 0.169180
-1.590563 0.168892
-1.588438 0.168636
-1.586313 0.168317
-1.584188 0.168082
-1.582063 0.167710
-1.579938 0.167480
-1.577813 0.167108
-1.575688 0.166962
-1.573562 0.166582
-1.571438 0.166234
-1.569313 0.166072
-1.567188 0.165670
-1.565063 0.165487
-1.562938 0.165091
-1.560813 0.164879
-1.558688 0.164629
-1.556563 0.164215
-1.554438 0.164088
-1.552313 0.163692
-1.550188 0.163370
-1.548063 0.163216
-1.545938 0.162843
-1.543813 0.162617
-1.541688 0.162241
-1.539563 0.162051
-1.537438 0.161763
-1.535313 0.161389
-1.533188 0.161136
-1.531062 0.160886
-1.528938 0.160615
-1.526813 0.160307
-1.524688 0.160041
-1.522563 0.159769
-1.520438 0.159531
-1.518313 0.159129
-1.516188 0.158950
-1.514063 0.158675
-1.511938 0.158246
-1.509813 0.158136
-1.507688 0.157784
-1.505563 0.157546
-1.503437 0.157216
-1.501313 0.156954
-1.499188 0.156737
-1.497063 0.156400
-1.494938 0.156116
-1.492813 0.155866
-1.490688 0.155528
-1.488563 0.155335
-1.486438 0.155067
-1.484313 0.154707
-1.482188 0.154430
-1.480063 0.154308
-1.477938 0.153849
-1.475812 0.153665
-1.473688 0.153374
-1.471563 0.153191
-1.469438 0.152747
-1.467313 0.152576
-1.465188 0.152320
-1.463063 0.151958
-1.460938 0.151776
-1.458813 0.151490
-1.456688 0.151180
-1.454563 0.150927
-1.452438 0.150593
-1.450313 0.150448
-1.448187 0.150102
-1.446063 0.149938
-1.443938 0.149423
-1.441813 0.149427
-1.439688 0.148934
-1.437563 0.148864
-1.435438 0.148481
-1.433312 0.148224
-1.431188 0.147928
-1.429063 0.147677
-1.426938 0.147489
-1.424813 0.147057
-1.422688 0.146916
-1.420563 0.146685
-1.418438 0.146300
-1.416313 0.146161
-1.414188 0.145799
-1.412063 0.145519
-1.409938 0.145348
-1.407813 0.144941
-1.405687 0.144922
-1.403563 0.144315
-1.401438 0.144270
-1.399313 0.144041
-1.397188 0.143658
-1.395063 0.143473
-1.392938 0.143165
-1.390813 0.142858
-1.388688 0.142747
-1.386563 0.142389
-1.384438 0.142109
-1.382313 0.141830
-1.380188 0.141603
-1.378062 0.141272
-1.375938 0.141155
-1.373813 0.140838
-1.371688 0.140506
-1.369563 0.140289
-1.367438 0.140056
-1.365313 0.139761
-1.363187 0.139488
-1.361063 0.139371
-1.358938 0.138927
-1.356813 0.138689
-1.354688 0.138520
-1.352563 0.138194
-1.350437 0.137929
-1.348313 0.137741
-1.346188 0.137464
-1.344063 0.137161
-1.341938 0.136927
-1.339813 0.136624
-1.337688 0.136499
-1.335562 0.136054
-1.333438 0.135897
-1.331313 0.135636
-1.329188 0.135514
-1.327063 0.135129
-1.324938 0.134811
-1.322813 0.134547
-1.320688 0.134439
-1.318563 0.134090
-1.316438 0.133816
-1.314313 0.133636
-1.312188 0.133342
-1.310063 0.133095
-1.307937 0.132935
-1.305813 0.132405
-1.303688 0.132393
-1.301563 0.132098
-1.299438 0.131815
-1.297313 0.131551
-1.295188 0.131343
-1.293063 0.130998
-1.290938 0.130861
-1.288813 0.130531
-1.286688 0.130314
-1.284563 0.130126
-1.282438 0.129806
-1.280312 0.129484
-1.278188 0.129340
-1.276063 0.129050
-1.273938 0.128722
-1.271813 0.128588
-1.269688 0.128384
-1.267563 0.127938
-1.265437 0.127887
-1.263313 0.127525
-1.261188 0.127267
-1.259063 0.127079
-1.256938 0.126852
-1.254813 0.126557
-1.252687 0.126263
-1.250563 0.126144
-1.248438 0.125726
-1.246313 0.125578
-1.244188 0.125331
-1.242063 0.125101
-1.239938 0.124794
-1.237812 0.124536
-1.235688 0.124307
-1.233563 0.124063
-1.231438 0.123892
-1.229313 0.123568
-1.227188 0.123400
-1.225063 0.123086
-1.222938 0.122888
-1.220813 0.122569
-1.218688 0.122391
-1.216563 0.122079
-1.214438 0.121889
-1.212313 0.121604
-1.210187 0.121354
-1.208063 0.121216
-1.205938 0.120833
-1.203813 0.120641
-1.201688 0.120434
-1.199563 0.120195
-1.197438 0.119856
-1.195312 0.119756
-1.193188 0.119391
-1.191063 0.119191
-1.188938 0.118939
-1.186813 0.118727
-1.184688 0.118472
-1.182562 0.118153
-1.180438 0.118022
-1.178313 0.117731
-1.176188 0.117517
-1.174063 0.117187
-1.171938 0.117071
-1.169813 0.116786
-1.167687 0.116532
-1.165563 0.116292
-1.163438 0.116041
-1.161313 0.115861
-1.159188 0.115535
-1.157063 0.115343
-1.154937 0.115064
-1.152813 0.114923
-1.150688 0.114584
-1.148563 0.114409
-1.146438 0.114096
-1.144313 0.113845
-1.142188 0.113718
-1.140062 0.113383
-1.137938 0.113176
-1.135813 0.112972
-1.133688 0.112706
-1.131563 0.112478
-1.129438 0.112201
-1.127312 0.112033
-1.125188 0.111758
-1.123063 0.111534
-1.120938 0.111264
-1.118813 0.110979
-1.116688 0.110875
-1.114563 0.110568
-1.112437 0.110266
-1.110313 0.110098
-1.108188 0.109874
-1.106063 0.109707
-1.103938 0.109321
-1.101813 0.109217
-1.099688 0.108870
-1.097562 0.108704
-1.095438 0.108469
-1.093313 0.108168
-1.091188 0.108011
-1.089063 0.107788
-1.086938 0.107503
-1.084812 0.107331
-1.082688 0.106996
-1.080563 0.106836
-1.078438 0.106503
-1.076313 0.106385
-1.074188 0.106165
-1.072063 0.105840
-1.069937 0.105707
-1.067813 0.105382
-1.065688 0.105165
-1.063563 0.104943
-1.061438 0.104719
-1.059313 0.104454
-1.057187 0.104257
-1.055063 0.104017
-1.052938 0.103751
-1.050813 0.103606
-1.048688 0.103395
-1.046563 0.103046
-1.044438 0.102849
-1.042312 0.102628
-1.040188 0.102394
-1.038063 0.102226
-1.035938 0.101924
-1.033813 0.101705
-1.031688 0.101465
-1.029562 0.101253
-1.027438 0.101083
-1.025313 0.100703
-1.023188 0.100546
-1.021063 0.100347
-1.018938 0.100034
-1.016813 0.099942
-1.014687 0.099662
-1.012563 0.099349
-1.010438 0.099196
-1.008313 0.098970
-1.006188 0.098766
-1.004063 0.098488
-1.001938 0.098230
-0.999813 0.098026
-0.997688 0.097914
-0.995563 0.097510
-0.993438 0.097364
-0.991313 0.097106
-0.989188 0.096957
-0.987063 0.096660
-0.984938 0.096422
-0.982813 0.096219
-0.980688 0.096059
-0.978563 0.095676
-0.976438 0.095598
-0.974313 0.095317
-0.972187 0.095146
-0.970063 0.094804
-0.967938 0.094644
-0.965813 0.094407
-0.963688 0.094197
-0.961563 0.093871
-0.959438 0.093765
-0.957313 0.093592
-0.955188 0.093240
-0.953063 0.093010
-0.950937 0.092893
-0.948813 0.092593
-0.946688 0.092367
-0.944563 0.092201
-0.942438 0.091934
-0.940313 0.091690
-0.938188 0.091481
-0.936063 0.091232
-0.933938 0.091016
-0.931813 0.090858
-0.929688 0.090539
-0.927563 0.090385
-0.925438 0.090187
-0.923312 0.089911
-0.921188 0.089664
-0.919063 0.089493
-0.916938 0.089231
-0.914813 0.089076
-0.912688 0.088756
-0.910563 0.088587
-0.908438 0.088352
-0.906313 0.088114
-0.904188 0.087974
-0.902062 0.087634
-0.899938 0.087512
-0.897813 0.087266
-0.895688 0.086991
-0.893563 0.086796
-0.891438 0.086617
-0.889313 0.086261
-0.887188 0.086176
-0.885063 0.085911
-0.882938 0.085676
-0.880812 0.085525
-0.878688 0.085245
-0.876563 0.085035
-0.874437 0.084853
-0.872313 0.084552
-0.870188 0.084364
-0.868063 0.084178
-0.865938 0.083875
-0.863813 0.083743
-0.861688 0.083464
-0.859563 0.083279
-0.857438 0.083113
-0.855313 0.082757
-0.853187 0.082700
-0.851063 0.082322
-0.848938 0.082179
-0.846813 0.081999
-0.844688 0.081658
-0.842563 0.081535
-0.840438 0.081326
-0.838313 0.081061
-0.836188 0.080887
-0.834063 0.080636
-0.831937 0.080416
-0.829813 0.080221
-0.827688 0.079943
-0.825562 0.079809
-0.823438 0.079512
-0.821313 0.079386
-0.819188 0.079087
-0.817063 0.078901
-0.814938 0.078675
-0.812813 0.078459
-0.810688 0.078300
-0.808563 0.077930
-0.806438 0.077877
-0.804312 0.077596
-0.802188 0.077342
-0.800063 0.077169
-0.797938 0.076913
-0.795813 0.076750
-0.793688 0.076530
-0.791563 0.076252
-0.789438 0.076089
-0.787313 0.075932
-0.785188 0.075546
-0.783062 0.075411
-0.780938 0.075278
-0.778813 0.074951
-0.776687 0.074784
-0.774563 0.074542
-0.772438 0.074445
-0.770313 0.074021
-0.768188 0.073986
-0.766063 0.073689
-0.763938 0.073527
-0.761813 0.073201
-0.759688 0.073068
-0.757563 0.072856
-0.755437 0.072617
-0.753313 0.072393
-0.751188 0.072236
-0.749062 0.072002
-0.746938 0.071749
-0.744813 0.071507
-0.742688 0.071361
-0.740563 0.071148
-0.738438 0.070895
-0.736313 0.070646
-0.734187 0.070490
-0.732063 0.070309
-0.729938 0.070075
-0.727812 0.069842
-0.725688 0.069616
-0.723563 0.069458
-0.721438 0.069183
-0.719313 0.068981
-0.717188 0.068738
-0.715063 0.068615
-0.712938 0.068340
-0.710813 0.068118
-0.708688 0.067910
-0.706562 0.067734
-0.704438 0.067481
-0.702313 0.067283
-0.700187 0.067075
-0.698063 0.066857
-0.695938 0.066662
-0.693813 0.066392
-0.691688 0.066239
-0.689563 0.065964
-0.687438 0.065853
-0.685312 0.065582
-0.683188 0.065397
-0.681063 0.065143
-0.678937 0.065027
-0.676813 0.064715
-0.674688 0.064530
-0.672563 0.064245
-0.670438 0.064135
-0.668313 0.063884
-0.666188 0.063733
-0.664062 0.063432
-0.661938 0.063261
-0.659813 0.063053
-0.657687 0.062861
-0.655563 0.062651
-0.653438 0.062376
-0.651312 0.062214
-0.649188 0.061953
-0.647063 0.061819
-0.644938 0.061561
-0.642813 0.061379
-0.640688 0.061105
-0.638563 0.060966
-0.636437 0.060776
-0.634313 0.060514
-0.632188 0.060355
-0.630062 0.060031
-0.627938 0.059933
-0.625813 0.059633
-0.623688 0.059519
-0.621563 0.059254
-0.619438 0.059051
-0.617313 0.058860
-0.615187 0.058584
-0.613063 0.058495
-0.610938 0.058219
-0.608812 0.057983
-0.606688 0.057833
-0.604563 0.057588
-0.602437 0.057396
-0.600313 0.057140
-0.598188 0.057025
-0.596063 0.056713
-0.593938 0.056513
-0.591813 0.056350
-0.589688 0.056142
-0.587562 0.055935
-0.585438 0.055675
-0.583313 0.055561
-0.581187 0.055281
-0.579063 0.055078
-0.576938 0.054955
-0.574813 0.054612
-0.572688 0.054483
-0.570563 0.054244
-0.568438 0.054023
-0.566312 0.053897
-0.564188 0.053604
-0.562063 0.053446
-0.559937 0.053213
-0.557813 0.052952
-0.555688 0.052857
-0.553562 0.052596
-0.551438 0.052394
-0.549313 0.052200
-0.547188 0.051964
-0.545063 0.051807
-0.542938 0.051502
-0.540813 0.051371
-0.538687 0.051147
-0.536563 0.050891
-0.534438 0.050778
-0.532312 0.050522
-0.530188 0.050314
-0.528063 0.050135
-0.525938 0.049902
-0.523813 0.049698
-0.521688 0.049483
-0.519563 0.049287
-0.517437 0.049139
-0.515313 0.048862
-0.513188 0.048646
-0.511062 0.048506
-0.508938 0.048210
-0.506813 0.048060
-0.504687 0.047830
-0.502563 0.047617
-0.500438 0.047499
-0.498313 0.047208
-0.496188 0.046977
-0.494063 0.046843
-0.491938 0.046589
-0.489813 0.046396
-0.487688 0.046232
-0.485563 0.045999
-0.483438 0.045776
-0.481313 0.045581
-0.479187 0.045377
-0.477063 0.045202
-0.474938 0.045002
-0.472813 0.044689
-0.470688 0.044622
-0.468562 0.044311
-0.466438 0.044168
-0.464313 0.043980
-0.462188 0.043691
-0.460063 0.043533
-0.457937 0.043370
-0.455813 0.043096
-0.453688 0.042887
-0.451563 0.042743
-0.449438 0.042472
-0.447313 0.042317
-0.445188 0.042111
-0.443063 0.041881
-0.440938 0.041689
-0.438813 0.041512
-0.436688 0.041270
-0.434563 0.041070
-0.432438 0.040899
-0.430312 0.040657
-0.428188 0.040488
-0.426063 0.040269
-0.423938 0.040032
-0.421813 0.039857
-0.419687 0.039645
-0.417563 0.039458
-0.415438 0.039226
-0.413313 0.039057
-0.411188 0.038818
-0.409062 0.038679
-0.406938 0.038411
-0.404813 0.038228
-0.402688 0.038024
-0.400563 0.037848
-0.398438 0.037596
-0.396313 0.037402
-0.394188 0.037239
-0.392062 0.036993
-0.389938 0.036784
-0.387813 0.036637
-0.385688 0.036351
-0.383563 0.036199
-0.381437 0.036008
-0.379313 0.035777
-0.377188 0.035543
-0.375063 0.035411
-0.372938 0.035179
-0.370812 0.034972
-0.368688 0.034780
-0.366563 0.034574
-0.364438 0.034365
-0.362313 0.034157
-0.360187 0.033980
-0.358063 0.033768
-0.355938 0.033521
-0.353813 0.033405
-0.351688 0.033133
-0.349562 0.032932
-0.347438 0.032776
-0.345313 0.032513
-0.343187 0.032355
-0.341063 0.032141
-0.338938 0.031942
-0.336813 0.031737
-0.334688 0.031523
-0.332562 0.031383
-0.330438 0.031086
-0.328313 0.030931
-0.326188 0.030733
-0.324063 0.030533
-0.321937 0.030302
-0.319813 0.030097
-0.317688 0.029959
-0.315563 0.029716
-0.313438 0.029489
-0.311312 0.029341
-0.309188 0.029098
-0.307063 0.028895
-0.304938 0.028700
-0.302813 0.028534
-0.300687 0.028327
-0.298563 0.028069
-0.296438 0.027958
-0.294312 0.027655
-0.292188 0.027482
-0.290063 0.027319
-0.287938 0.027107
-0.285813 0.026875
-0.283687 0.026666
-0.281563 0.026547
-0.279438 0.026244
-0.277313 0.026097
-0.275188 0.025892
-0.273062 0.025705
-0.270938 0.025441
-0.268813 0.025300
-0.266688 0.025090
-0.264563 0.024922
-0.262437 0.024615
-0.260313 0.024503
-0.258188 0.024318
-0.256062 0.024088
-0.253938 0.023844
-0.251812 0.023681
-0.249688 0.023482
-0.247563 0.023277
-0.245438 0.023051
-0.243313 0.022920
-0.241187 0.022634
-0.239063 0.022481
-0.236938 0.022260
-0.234813 0.022084
-0.232688 0.021848
-0.230563 0.021687
-0.228438 0.021464
-0.226313 0.021289
-0.224188 0.021038
-0.222063 0.020869
-0.219938 0.020713
-0.217813 0.020436
-0.215688 0.020263
-0.213563 0.020048
-0.211438 0.019880
-0.209313 0.019660
-0.207188 0.019463
-0.205063 0.019269
-0.202938 0.019096
-0.200813 0.018844
-0.198688 0.018636
-0.196563 0.018495
-0.194438 0.018252
-0.192312 0.018054
-0.190188 0.017840
-0.188063 0.017711
-0.185938 0.017437
-0.183813 0.017269
-0.181688 0.017059
-0.179563 0.016867
-0.177438 0.016659
-0.175313 0.016430
-0.173187 0.016301
-0.171063 0.016063
-0.168938 0.015855
-0.166813 0.015644
-0.164688 0.015477
-0.162562 0.015262
-0.160438 0.015057
-0.158313 0.014854
-0.156188 0.014660
-0.154063 0.014486
-0.151938 0.014250
-0.149813 0.014056
-0.147688 0.013889
-0.145563 0.013648
-0.143437 0.013450
-0.141313 0.013271
-0.139188 0.013056
-0.137063 0.012884
-0.134938 0.012653
-0.132812 0.012467
-0.130688 0.012282
-0.128563 0.012051
-0.126438 0.011850
-0.124313 0.011679
-0.122188 0.011475
-0.120063 0.011262
-0.117938 0.011080
-0.115813 0.010841
-0.113687 0.010678
-0.111563 0.010468
-0.109438 0.010254
-0.107313 0.010077
-0.105188 0.009891
-0.103063 0.009651
-0.100938 0.009464
-0.098812 0.009273
-0.096688 0.009086
-0.094562 0.008865
-0.092438 0.008674
-0.090313 0.008464
-0.088188 0.008292
-0.086063 0.008062
-0.083937 0.007856
-0.081813 0.007691
-0.079687 0.007490
-0.077563 0.007267
-0.075438 0.007070
-0.073313 0.006872
-0.071188 0.006687
-0.069062 0.006495
-0.066938 0.006268
-0.064812 0.006068
-0.062688 0.005893
-0.060563 0.005684
-0.058438 0.005479
-0.056313 0.005271
-0.054188 0.005107
-0.052063 0.004865
-0.049938 0.004685
-0.047813 0.004487
-0.045688 0.004298
-0.043563 0.004079
-0.041438 0.003883
-0.039313 0.003694
-0.037188 0.003496
-0.035063 0.003272
-0.032938 0.003096
-0.030812 0.002899
-0.028688 0.002700
-0.026563 0.002484
-0.024438 0.002288
-0.022312 0.002091
-0.020188 0.001908
-0.018063 0.001686
-0.015938 0.001501
-0.013813 0.001293
-0.011687 0.001106
-0.009563 0.000896
-0.007438 0.000698
-0.005313 0.000498
-0.003188 0.000303
-0.001063 0.000103
0.001063 0.000103
0.003188 0.000303
0.005313 0.000498
0.007438 0.000698
0.009563 0.000896
0.011687 0.001106
0.013813 0.001293
0.015938 0.001501
0.018063 0.001686
0.020188 0.001908
0.022312 0.002091
0.024438 0.002288
0.026563 0.002484
0.028688 0.002700
0.030812 0.002899
0.032938 0.003096
0.035063 0.003272
0.037188 0.003496
0.039313 0.003694
0.041438 0.003883
0.043563 0.004079
0.045688 0.004298
0.047813 0.004487
0.049938 0.004685
0.052063 0.004865
0.054188 0.005107
0.056313 0.005271
0.058438 0.005479
0.060563 0.005684
0.062688 0.005893
0.064812 0.006068
0.066938 0.006268
0.069062 0.006495
0.071188 0.006687
0.073313 0.006872
0.075438 0.007070
0.077563 0.007267
0.079687 0.007490
0.081813 0.007691
0.083937 0.007856
0.086063 0.008062
0.088188 0.008292
0.090313 0.008464
0.092438 0.008674
0.094562 0.008865
0.096688 0.009086
0.098812 0.009273
0.100938 0.009464
0.103063 0.009651
0.105188 0.009891
0.107313 0.010077
0.109438 0.010254
0.111563 0.010468
0.113687 0.010678
0.115813 0.010841
0.117938 0.011080
0.120063 0.011262
0.122188 0.011475
0.124313 0.011679
0.126438 0.011850
0.128563 0.012051
0.130688 0.012282
0.132812 0.012467
0.134938 0.012653
0.137063 0.012884
0.139188 0.013056
0.141313 0.013271
0.143437 0.013450
0.145563 0.013648
0.147688 0.013889
0.149813 0.014056
0.151938 0.014250
0.154063 0.014486
0.156188 0.014660
0.158313 0.014854
0.160438 0.015057
0.162562 0.015262
0.164688 0.015477
0.166813 0.015644
0.168938 0.015855
0.171063 0.016063
0.173187 0.016301
0.175313 0.016430
0.177438 0.016659
0.179563 0.016867
0.181688 0.017059
0.183813 0.017269
0.185938 0.017437
0.188063 0.017711
0.190188 0.017840
0.192312 0.018054
0.194438 0.018252
0.196563 0.018495
0.198688 0.018636
0.200813 0.018844
0.202938 0.019096
0.205063 0.019269
0.207188 0.019463
0.209313 0.019660
0.211438 0.019880
0.213563 0.020048
0.215688 0.020263
0.217813 0.020436
0.219938 0.020713
0.222063 0.020869
0.224188 0.021038
0.226313 0.021289
0.228438 0.021464
0.230563 0.021687
0.232688 0.021848
0.234813 0.022084
0.236938 0.022260
0.239063 0.022481
0.241187 0.022634
0.243313 0.022920
0.245438 0.023051
0.247563 0.023277
0.249688 0.023482
0.251812 0.023681
0.253938 0.023844
0.256062 0.024088
0.258188 0.024318
0.260313 0.024503
0.262437 0.024615
0.264563 0.024922
0.266688 0.025090
0.268813 0.025300
0.270938 0.025441
0.273062 0.025705
0.275188 0.025892
0.277313 0.026097
0.279438 0.026244
0.281563 0.026547
0.283687 0.026666
0.285813 0.026875
0.287938 0.027107
0.290063 0.027319
0.292188 0.027482
0.294312 0.027655
0.296438 0.027958
0.298563 0.028069
0.300687 0.028327
0.302813 0.028534
0.304938 0.028700
0.307063 0.028895
0.309188 0.029098
0.311312 0.029341
0.313438 0.029489
0.315563 0.029716
0.317688 0.029959
0.319813 0.030097
0.321937 0.030302
0.324063 0.030533
0.326188 0.030733
0.328313 0.030931
0.330438 0.031086
0.332562 0.031383
0.334688 0.031523
0.336813 0.031737
0.338938 0.031942
0.341063 0.032141
0.343187 0.032355
0.345313 0.032513
0.347438 0.032776
0.349562 0.032932
0.351688 0.033133
0.353813 0.033405
0.355938 0.033521
0.358063 0.033768
0.360187 0.033980
0.362313 0.034157
0.364438 0.034365
0.366563 0.034574
0.368688 0.034780
0.370812 0.034972
0.372938 0.035179
0.375063 0.035411
0.377188 0.035543
0.379313 0.035777
0.381437 0.036008
0.383563 0.036199
0.385688 0.036351
0.387813 0.036637
0.389938 0.036784
0.392062 0.036993
0.394188 0.037239
0.396313 0.037402
0.398438 0.037596
0.400563 0.037848
0.402688 0.038024
0.404813 0.038228
0.406938 0.038411
0.409062 0.038679
0.411188 0.038818
0.413313 0.039057
0.415438 0.039226
0.417563 0.039458
0.419687 0.039645
0.421813 0.039857
0.423938 0.040032
0.426063 0.040269
0.428188 0.040488
0.430312 0.040657
0.432438 0.040899
0.434563 0.041070
0.436688 0.041270
0.438813 0.041512
0.440938 0.041689
0.443063 0.041881
0.445188 0.042111
0.447313 0.042317
0.449438 0.042472
0.451563 0.042743
0.453688 0.042887
0.455813 0.043096
0.457937 0.043370
0.460063 0.043533
0.462188 0.043691
0.464313 0.043980
0.466438 0.044168
0.468562 0.044311
0.470688 0.044622
0.472813 0.044689
0.474938 0.045002
0.477063 0.045202
0.479187 0.045377
0.481313 0.045581
0.483438 0.045776
0.485563 0.045999
0.487688 0.046232
0.489813 0.046396
0.491938 0.046589
0.494063 0.046843
0.496188 0.046977
0.498313 0.047208
0.500438 0.047499
0.502563 0.047617
0.504687 0.047830
0.506813 0.048060
0.508938 0.048210
0.511062 0.048506
0.513188 0.048646
0.515313 0.048862
0.517437 0.049139
0.519563 0.049287
0.521688 0.049483
0.523813 0.049698
0.525938 0.049902
0.528063 0.050135
0.530188 0.050314
0.532312 0.050522
0.534438 0.050778
0.536563 0.050891
0.538687 0.051147
0.540813 0.051371
0.542938 0.051502
0.545063 0.051807
0.547188 0.051964
0.549313 0.052200
0.551438 0.052394
0.553562 0.052596
0.555688 0.052857
0.557813 0.052952
0.559937 0.053213
0.562063 0.053446
0.564188 0.053604
0.566312 0.053897
0.568438 0.054023
0.570563 0.054244
0.572688 0.054483
0.574813 0.054612
0.576938 0.054955
0.579063 0.055078
0.581187 0.055281
0.583313 0.055561
0.585438 0.055675
0.587562 0.055935
0.589688 0.056142
0.591813 0.056350
0.593938 0.056513
0.596063 0.056713
0.598188 0.057025
0.600313 0.057140
0.602437 0.057396
0.604563 0.057588
0.606688 0.057833
0.608812 0.057983
0.610938 0.058219
0.613063 0.058495
0.615187 0.058584
0.617313 0.058860
0.619438 0.059051
0.621563 0.059254
0.623688 0.059519
0.625813 0.059633
0.627938 0.059933
0.630062 0.060031
0.632188 0.060355
0.634313 0.060514
0.636437 0.060776
0.638563 0.060966
0.640688 0.061105
0.642813 0.061379
0.644938 0.061561
0.647063 0.061819
0.649188 0.061953
0.651312 0.062214
0.653438 0.062376
0.655563 0.062651
0.657687 0.062861
0.659813 0.063053
0.661938 0.063261
0.664062 0.063432
0.666188 0.063733
0.668313 0.063884
0.670438 0.064135
0.672563 0.064245
0.674688 0.064530
0.676813 0.064715
0.678937 0.065027
0.681063 0.065143
0.683188 0.065397
0.685312 0.065582
0.687438 0.065853
0.689563 0.065964
0.691688 0.066239
0.693813 0.066392
0.695938 0.066662
0.698063 0.066857
0.700187 0.067075
0.702313 0.067283
0.704438 0.067481
0.706562 0.067734
0.708688 0.067910
0.710813 0.068118
0.712938 0.068340
0.715063 0.068615
0.717188 0.068738
0.719313 0.068981
0.721438 0.069183
0.723563 0.069458
0.725688 0.069616
0.727812 0.069842
0.729938 0.070075
0.732063 0.070309
0.734187 0.070490
0.736313 0.070646
0.738438 0.070895
0.740563 0.071148
0.742688 0.071361
0.744813 0.071507
0.746938 0.071749
0.749062 0.072002
0.751188 0.072236
0.753313 0.072393
0.755437 0.072617
0.757563 0.072856
0.759688 0.073068
0.761813 0.073201
0.763938 0.073527
0.766063 0.073689
0.768188 0.073986
0.770313 0.074021
0.772438 0.074445
0.774563 0.074542
0.776687 0.074784
0.778813 0.074951
0.780938 0.075278
0.783062 0.075411
0.785188 0.075546
0.787313 0.075932
0.789438 0.076089
0.791563 0.076252
0.793688 0.076530
0.795813 0.076750
0.797938 0.076913
0.800063 0.077169
0.802188 0.077342
0.804312 0.077596
0.806438 0.077877
0.808563 0.077930
0.810688 0.078300
0.812813 0.078459
0.814938 0.078675
0.817063 0.078901
0.819188 0.079087
0.821313 0.079386
0.823438 0.079512
0.825562 0.079809
0.827688 0.079943
0.829813 0.080221
0.831937 0.080416
0.834063 0.080636
0.836188 0.080887
0.838313 0.081061
0.840438 0.081326
0.842563 0.081535
0.844688 0.081658
0.846813 0.081999
0.848938 0.082179
0.851063 0.082322
0.853187 0.082700
0.855313 0.082757
0.857438 0.083113
0.859563 0.083279
0.861688 0.083464
0.863813 0.083743
0.865938 0.083875
0.868063 0.084178
0.870188 0.084364
0.872313 0.084552
0.874437 0.084853
0.876563 0.085035
0.878688 0.085245
0.880812 0.085525
0.882938 0.085676
0.885063 0.085911
0.887188 0.086176
0.889313 0.086261
0.891438 0.086617
0.893563 0.086796
0.895688 0.086991
0.897813 0.087266
0.899938 0.087512
0.902062 0.087634
0.904188 0.087974
0.906313 0.088114
0.908438 0.088352
0.910563 0.088587
0.912688 0.088756
0.914813 0.089076
0.916938 0.089231
0.919063 0.089493
0.921188 0.089664
0.923312 0.089911
0.925438 0.090187
0.927563 0.090385
0.929688 0.090539
0.931813 0.090858
0.933938 0.091016
0.936063 0.091232
0.938188 0.091481
0.940313 0.091690
0.942438 0.091934
0.944563 0.092201
0.946688 0.092367
0.948813 0.092593
0.950937 0.092893
0.953063 0.093010
0.955188 0.093240
0.957313 0.093592
0.959438 0.093765
0.961563 0.093871
0.963688 0.094197
0.965813 0.094407
0.967938 0.094644
0.970063 0.094804
0.972187 0.095146
0.974313 0.095317
0.976438 0.095598
0.978563 0.095676
0.980688 0.096059
0.982813 0.096219
0.984938 0.096422
0.987063 0.096660
0.989188 0.096957
0.991313 0.097106
0.993438 0.097364
0.995563 0.097510
0.997688 0.097914
0.999813 0.098026
1.001938 0.098230
1.004063 0.098488
1.006188 0.098766
1.008313 0.098970
1.010438 0.099196
1.012563 0.099349
1.014687 0.099662
1.016813 0.099942
1.018938 0.100034
1.021063 0.100347
1.023188 0.100546
1.025313 0.100703
1.027438 0.101083
1.029562 0.101253
1.031688 0.101465
1.033813 0.101705
1.035938 0.101924
1.038063 0.102226
1.040188 0.102394
1.042312 0.102628
1.044438 0.102849
1.046563 0.103046
1.048688 0.103395
1.050813 0.103606
1.052938 0.103751
1.055063 0.104017
1.057187 0.104257
1.059313 0.104454
1.061438 0.104719
1.063563 0.104943
1.065688 0.105165
1.067813 0.105382
1.069937 0.105707
1.072063 0.105840
1.074188 0.106165
1.076313 0.106385
1.078438 0.106503
1.080563 0.106836
1.082688 0.106996
1.084812 0.107331
1.086938 0.107503
1.089063 0.107788
1.091188 0.108011
1.093313 0.108168
1.095438 0.108469
1.097562 0.108704
1.099688 0.108870
1.101813 0.109217
1.103938 0.109321
1.106063 0.109707
1.108188 0.109874
1.110313 0.110098
1.112437 0.110266
1.114563 0.110568
1.116688 0.110875
1.118813 0.110979
1.120938 0.111264
1.123063 0.111534
1.125188 0.111758
1.127312 0.112033
1.129438 0.112201
1.131563 0.112478
1.133688 0.112706
1.135813 0.112972
1.137938 0.113176
1.140062 0.113383
1.142188 0.113718
1.144313 0.113845
1.146438 0.114096
1.148563 0.114409
1.150688 0.114584
1.152813 0.114923
1.154937 0.115064
1.157063 0.115343
1.159188 0.115535
1.161313 0.115861
1.163438 0.116041
1.165563 0.116292
1.167687 0.116532
1.169813 0.116786
1.171938 0.117071
1.174063 0.117187
1.176188 0.117517
1.178313 0.117731
1.180438 0.118022
1.182562 0.118153
1.184688 0.118472
1.186813 0.118727
1.188938 0.118939
1.191063 0.119191
1.193188 0.119391
1.195312 0.119756
1.197438 0.119856
1.199563 0.120195
1.201688 0.120434
1.203813 0.120641
1.205938 0.120833
1.208063 0.121216
1.210187 0.121354
1.212313 0.121604
1.214438 0.121889
1.216563 0.122079
1.218688 0.122391
1.220813 0.122569
1.222938 0.122888
1.225063 0.123086
1.227188 0.123400
1.229313 0.123568
1.231438 0.123892
1.233563 0.124063
1.235688 0.124307
1.237812 0.124536
1.239938 0.124794
1.242063 0.125101
1.244188 0.125331
1.246313 0.125578
1.248438 0.125726
1.250563 0.126144
1.252687 0.126263
1.254813 0.126557
1.256938 0.126852
1.259063 0.127079
1.261188 0.127267
1.263313 0.127525
1.265437 0.127887
1.267563 0.127938
1.269688 0.128384
1.271813 0.128588
1.273938 0.128722
1.276063 0.129050
1.278188 0.129340
1.280312 0.129484
1.282438 0.129806
1.284563 0.130126
1.286688 0.130314
1.288813 0.130531
1.290938 0.130861
1.293063 0.130998
1.295188 0.131343
1.297313 0.131551
1.299438 0.131815
1.301563 0.132098
1.303688 0.132393
1.305813 0.132405
1.307937 0.132935
1.310063 0.133095
1.312188 0.133342
1.314313 0.133636
1.316438 0.133816
1.318563 0.134090
1.320688 0.134439
1.322813 0.134547
1.324938 0.134811
1.327063 0.135129
1.329188 0.135514
1.331313 0.135636
1.333438 0.135897
1.335562 0.136054
1.337688 0.136499
1.339813 0.136624
1.341938 0.136927
1.344063 0.137161
1.346188 0.137464
1.348313 0.137741
1.350437 0.137929
1.352563 0.138194
1.354688 0.138520
1.356813 0.138689
1.358938 0.138927
1.361063 0.139371
1.363187 0.139488
1.365313 0.139761
1.367438 0.140056
1.369563 0.140289
1.371688 0.140506
1.373813 0.140838
1.375938 0.141155
1.378062 0.141272
1.380188 0.141603
1.382313 0.141830
1.384438 0.142109
1.386563 0.142389
1.388688 0.142747
1.390813 0.142858
1.392938 0.143165
1.395063 0.143473
1.397188 0.143658
1.399313 0.144041
1.401438 0.144270
1.403563 0.144315
1.405687 0.144922
1.407813 0.144941
1.409938 0.145348
1.412063 0.145519
1.414188 0.145799
1.416313 0.146161
1.418438 0.146300
1.420563 0.146685
1.422688 0.146916
1.424813 0.147057
1.426938 0.147489
1.429063 0.147677
1.431188 0.147928
1.433312 0.148224
1.435438 0.148481
1.437563 0.148864
1.439688 0.148934
1.441813 0.149427
1.443938 0.149423
1.446063 0.149938
1.448187 0.150102
1.450313 0.150448
1.452438 0.150593
1.454563 0.150927
1.456688 0.151180
1.458813 0.151490
1.460938 0.151776
1.463063 0.151958
1.465188 0.152320
1.467313 0.152576
1.469438 0.152747
1.471563 0.153191
1.473688 0.153374
1.475812 0.153665
1.477938 0.153849
1.480063 0.154308
1.482188 0.154430
1.484313 0.154707
1.486438 0.155067
1.488563 0.155335
1.490688 0.155528
1.492813 0.155866
1.494938 0.156116
1.497063 0.156400
1.499188 0.156737
1.501313 0.156954
1.503437 0.157216
1.505563 0.157546
1.507688 0.157784
1.509813 0.158136
1.511938 0.158246
1.514063 0.158675
1.516188 0.158950
1.518313 0.159129
1.520438 0.159531
1.522563 0.159769
1.524688 0.160041
1.526813 0.160307
1.528938 0.160615
1.531062 0.160886
1.533188 0.161136
1.535313 0.161389
1.537438 0.161763
1.539563 0.162051
1.541688 0.162241
1.543813 0.162617
1.545938 0.162843
1.548063 0.163216
1.550188 0.163370
1.552313 0.163692
1.554438 0.164088
1.556563 0.164215
1.558688 0.164629
1.560813 0.164879
1.562938 0.165091
1.565063 0.165487
1.567188 0.165670
1.569313 0.166072
1.571438 0.166234
1.573562 0.166582
1.575688 0.166962
1.577813 0.167108
1.579938 0.167480
1.582063 0.167710
1.584188 0.168082
1.586313 0.168317
1.588438 0.168636
1.590563 0.168892
1.592688 0.169180
1.594813 0.169455
1.596938 0.169764
1.599063 0.170182
1.601187 0.170322
1.603313 0.170747
1.605438 0.170883
1.607563 0.171241
1.609688 0.171564
1.611813 0.171809
1.613938 0.172201
1.616063 0.172452
1.618188 0.172754
1.620313 0.172983
1.622438 0.173275
1.624563 0.173647
1.626688 0.173885
1.628812 0.174292
1.630938 0.174457
1.633063 0.174878
1.635188 0.175044
1.637313 0.175444
1.639438 0.175746
1.641563 0.175977
1.643688 0.176364
1.645813 0.176532
1.647938 0.176979
1.650063 0.177206
1.652188 0.177469
1.654313 0.177843
1.656438 0.178121
1.658563 0.178406
1.660688 0.178690
1.662813 0.179105
1.664938 0.179366
1.667063 0.179643
1.669188 0.179925
1.671312 0.180293
1.673438 0.180494
1.675563 0.180915
1.677688 0.181139
1.679813 0.181557
1.681938 0.181741
1.684063 0.182060
1.686188 0.182437
1.688313 0.182719
1.690438 0.183019
1.692563 0.183333
1.694688 0.183551
1.696813 0.184132
1.698937 0.184195
1.701063 0.184636
1.703188 0.184903
1.705313 0.185162
1.707438 0.185450
1.709563 0.185884
1.711688 0.186177
1.713813 0.186481
1.715938 0.186736
1.718063 0.187145
1.720188 0.187259
1.722313 0.187868
1.724438 0.188019
1.726562 0.188324
1.728688 0.188624
1.730813 0.189083
1.732938 0.189278
1.735063 0.189643
1.737188 0.189920
1.739313 0.190304
1.741438 0.190558
1.743563 0.191027
1.745688 0.191150
1.747813 0.191524
1.749938 0.191926
1.752063 0.192201
1.754188 0.192450
1.756313 0.192889
1.758438 0.193170
1.760563 0.193528
1.762688 0.193788
1.764813 0.194134
1.766938 0.194493
1.769063 0.194728
1.771188 0.195203
1.773313 0.195448
1.775438 0.195739
1.777563 0.196208
1.779688 0.196273
1.781813 0.196924
1.783938 0.197016
1.786063 0.197477
1.788188 0.197793
1.790313 0.198043
1.792438 0.198424
1.794563 0.198771
1.796687 0.199053
1.798813 0.199421
1.800938 0.199823
1.803063 0.200019
1.805188 0.200473
1.807313 0.200763
1.809438 0.201034
1.811563 0.201545
1.813688 0.201754
1.815813 0.202129
1.817938 0.202463
1.820063 0.202755
1.822188 0.203128
1.824313 0.203454
1.826438 0.203796
1.828563 0.204210
1.830688 0.204497
1.832813 0.204833
1.834938 0.205141
1.837063 0.205506
1.839188 0.205864
1.841313 0.206233
1.843438 0.206490
1.845563 0.206985
1.847688 0.207265
1.849813 0.207557
1.851938 0.207984
1.854063 0.208193
1.856188 0.208732
1.858313 0.208945
1.860438 0.209275
1.862563 0.209823
1.864688 0.209916
1.866813 0.210454
1.868938 0.210796
1.871063 0.211087
1.873188 0.211405
1.875313 0.211879
1.877438 0.212052
1.879563 0.212603
1.881688 0.212790
1.883813 0.213302
1.885938 0.213588
1.888063 0.213963
1.890188 0.214248
1.892313 0.214664
1.894437 0.215021
1.896563 0.215445
1.898688 0.215719
1.900813 0.216058
1.902938 0.216455
1.905063 0.216963
1.907188 0.217074
1.909313 0.217611
1.911438 0.217811
1.913563 0.218338
1.915688 0.218755
1.917813 0.218941
1.919938 0.219452
1.922063 0.219819
1.924188 0.220016
1.926313 0.220526
1.928438 0.220897
1.930563 0.221241
1.932688 0.221491
1.934813 0.222175
1.936938 0.222223
1.939063 0.222780
1.941188 0.223119
1.943313 0.223435
1.945438 0.223932
1.947563 0.224278
1.949688 0.224463
1.951813 0.225163
1.953938 0.225331
1.956063 0.225706
1.958188 0.226215
1.960313 0.226452
1.962438 0.226895
1.964563 0.227295
1.966688 0.227691
1.968813 0.228019
1.970938 0.228487
1.973063 0.228726
1.975188 0.229304
1.977313 0.229565
1.979438 0.229988
1.981563 0.230299
1.983688 0.230828
1.985813 0.231123
1.987938 0.231567
1.990063 0.231920
1.992188 0.232289
1.994313 0.232869
1.996438 0.232929
1.998563 0.233631
2.000688 0.233888
2.002813 0.234342
2.004938 0.234681
2.007062 0.235024
2.009188 0.235629
2.011312 0.235815
2.013438 0.236307
2.015563 0.236762
2.017688 0.237020
2.019813 0.237583
2.021937 0.237864
2.024063 0.238349
2.026187 0.238793
2.028313 0.239102
2.030438 0.239464
2.032563 0.240126
2.034688 0.240276
2.036812 0.240742
2.038938 0.241204
2.041062 0.241644
2.043188 0.242005
2.045313 0.242441
2.047438 0.242860
2.049563 0.243196
2.051687 0.243819
2.053813 0.244089
2.055937 0.244455
2.058063 0.244931
2.060188 0.245346
2.062312 0.245770
2.064438 0.246213
2.066562 0.246691
2.068688 0.247005
2.070813 0.247523
2.072938 0.247932
2.075063 0.248200
2.077187 0.248921
2.079313 0.249162
2.081437 0.249565
2.083563 0.250224
2.085688 0.250395
2.087813 0.250836
2.089938 0.251491
2.092062 0.251788
2.094188 0.252172
2.096312 0.252742
2.098438 0.253073
2.100563 0.253565
2.102688 0.254018
2.104813 0.254497
2.106937 0.254824
2.109063 0.255340
2.111187 0.255763
2.113313 0.256191
2.115438 0.256779
2.117563 0.257046
2.119688 0.257563
2.121812 0.258033
2.123938 0.258448
2.126062 0.258900
2.128188 0.259429
2.130313 0.259913
2.132437 0.260159
2.134563 0.260781
2.136687 0.261324
2.138813 0.261632
2.140938 0.262181
2.143063 0.262591
2.145188 0.262986
2.147312 0.263554
2.149438 0.264086
2.151562 0.264395
2.153688 0.264974
2.155813 0.265464
2.157938 0.265832
2.160063 0.266358
2.162187 0.266838
2.164313 0.267355
2.166437 0.267708
2.168563 0.268390
2.170688 0.268718
2.172813 0.269186
2.174938 0.269698
2.177062 0.270304
2.179188 0.270533
2.181312 0.271208
2.183438 0.271709
2.185563 0.272047
2.187688 0.272648
2.189813 0.273214
2.191937 0.273557
2.194063 0.274028
2.196188 0.274720
2.198313 0.275077
2.200438 0.275570
2.202562 0.276194
2.204688 0.276645
2.206812 0.277035
2.208938 0.277655
2.211063 0.278025
2.213188 0.278665
2.215313 0.279270
2.217437 0.279632
2.219563 0.280181
2.221687 0.280651
2.223813 0.281271
2.225938 0.281737
2.228063 0.282110
2.230188 0.282920
2.232312 0.283270
2.234438 0.283734
2.236562 0.284411
2.238688 0.284815
2.240813 0.285386
2.242938 0.285905
2.245063 0.286462
2.247187 0.286910
2.249313 0.287474
2.251437 0.288187
2.253563 0.288609
2.255688 0.289069
2.257812 0.289750
2.259938 0.290242
2.262062 0.290756
2.264188 0.291325
2.266313 0.291874
2.268438 0.292460
2.270563 0.292905
2.272687 0.293548
2.274813 0.294049
2.276937 0.294674
2.279063 0.295341
2.281188 0.295710
2.283313 0.296296
2.285438 0.296994
2.287562 0.297451
2.289688 0.298028
2.291812 0.298668
2.293938 0.299244
2.296063 0.299734
2.298188 0.300225
2.300313 0.301067
2.302437 0.301548
2.304563 0.301980
2.306687 0.302755
2.308813 0.303287
2.310938 0.303825
2.313063 0.304544
2.315188 0.305089
2.317312 0.305669
2.319438 0.306190
2.321563 0.306944
2.323688 0.307421
2.325813 0.307955
2.327937 0.308759
2.330063 0.309300
2.332187 0.309940
2.334313 0.310601
2.336438 0.311116
2.338563 0.311784
2.340688 0.312243
2.342812 0.313251
2.344938 0.313629
2.347062 0.314140
2.349188 0.315031
2.351313 0.315582
2.353438 0.316138
2.355563 0.316894
2.357687 0.317443
2.359813 0.318061
2.361937 0.318830
2.364063 0.319552
2.366188 0.320026
2.368313 0.320639
2.370438 0.321493
2.372562 0.322129
2.374688 0.322637
2.376812 0.323334
2.378938 0.324289
2.381063 0.324694
2.383188 0.325325
2.385313 0.326249
2.387437 0.326750
2.389563 0.327475
2.391688 0.328205
2.393813 0.328879
2.395938 0.329500
2.398062 0.330274
2.400188 0.331047
2.402312 0.331664
2.404438 0.332353
2.406563 0.333130
2.408688 0.333845
2.410813 0.334483
2.412937 0.335219
2.415063 0.336046
2.417187 0.336720
2.419313 0.337361
2.421438 0.338272
2.423563 0.338885
2.425688 0.339738
2.427812 0.340240
2.429938 0.341374
2.432062 0.341851
2.434188 0.342578
2.436313 0.343570
2.438438 0.344189
2.440563 0.344938
2.442687 0.345807
2.444813 0.346482
2.446938 0.347390
2.449063 0.348067
2.451188 0.348886
2.453313 0.349715
2.455438 0.350480
2.457562 0.351297
2.459688 0.352156
2.461813 0.352909
2.463938 0.353671
2.466063 0.354623
2.468187 0.355462
2.470313 0.356097
2.472437 0.357063
2.474563 0.357968
2.476688 0.358695
2.478813 0.359423
2.480938 0.360586
2.483062 0.361282
2.485188 0.362073
2.487312 0.363100
2.489438 0.364071
2.491563 0.364770
2.493688 0.365575
2.495813 0.366754
2.497937 0.367418
2.500063 0.368265
2.502187 0.369343
2.504313 0.370224
2.506438 0.371080
2.508563 0.372071
2.510688 0.373029
2.512812 0.373882
2.514938 0.374789
2.517063 0.375887
2.519188 0.376892
2.521313 0.377664
2.523438 0.378521
2.525563 0.379916
2.527687 0.380557
2.529813 0.381704
2.531938 0.382640
2.534063 0.383732
2.536188 0.384662
2.538312 0.385600
2.540438 0.386887
2.542562 0.387754
2.544688 0.388708
2.546813 0.389907
2.548938 0.390925
2.551063 0.391985
2.553187 0.392821
2.555313 0.394300
2.557437 0.395297
2.559563 0.396277
2.561688 0.397330
2.563813 0.398738
2.565938 0.399587
2.568062 0.400717
2.570188 0.402081
2.572312 0.403154
2.574438 0.404235
2.576563 0.405270
2.578688 0.406830
2.580813 0.407850
2.582937 0.408909
2.585063 0.410356
2.587188 0.411572
2.589313 0.412632
2.591438 0.413819
2.593562 0.415476
2.595688 0.416507
2.597812 0.417661
2.599938 0.419119
2.602063 0.420526
2.604188 0.421605
2.606313 0.422951
2.608437 0.424578
2.610563 0.425741
2.612687 0.427092
2.614813 0.428607
2.616938 0.430024
2.619063 0.431394
2.621188 0.432658
2.623312 0.434448
2.625438 0.435685
2.627562 0.437200
2.629688 0.438560
2.631813 0.440466
2.633938 0.441776
2.636063 0.443230
2.638187 0.445039
2.640313 0.446548
2.642438 0.448067
2.644563 0.449666
2.646688 0.451486
2.648813 0.453143
2.650938 0.454664
2.653062 0.456594
2.655188 0.458295
2.657313 0.460044
2.659438 0.461652
2.661563 0.463763
2.663687 0.465539
2.665813 0.467312
2.667937 0.469085
2.670063 0.471374
2.672188 0.473204
2.674313 0.474876
2.676438 0.477355
2.678562 0.479217
2.680688 0.481219
2.682812 0.483232
2.684938 0.485813
2.687063 0.487751
2.689188 0.489886
2.691313 0.492340
2.693437 0.494587
2.695563 0.496974
2.697687 0.499151
2.699813 0.502042
2.701938 0.504375
2.704063 0.506814
2.706188 0.509292
2.708312 0.512436
2.710438 0.514814
2.712563 0.517564
2.714688 0.520638
2.716813 0.523534
2.718938 0.526281
2.721063 0.529412
2.723187 0.532905
2.725313 0.535881
2.727438 0.539033
2.729563 0.542741
2.731688 0.546281
2.733812 0.549673
2.735938 0.553350
2.738062 0.557553
2.740188 0.561439
2.742313 0.565351
2.744438 0.569548
2.746563 0.574501
2.748687 0.578873
2.750813 0.583408
2.752937 0.588782
2.755063 0.593841
2.757188 0.599207
2.759313 0.604801
2.761438 0.611368
2.763562 0.617440
2.765688 0.624009
2.767813 0.631375
2.769938 0.639249
2.772063 0.647087
2.774188 0.655697
2.776313 0.665894
2.778437 0.676094
2.780563 0.687375
2.782688 0.699928
2.784813 0.715502
2.786938 0.731419
2.789062 0.750742
2.791188 0.775102
2.793312 0.805684
2.795438 0.847455
2.797563 0.917529
2.799688 1.111575
2.801813 0.953624
2.803937 0.865182
2.806063 0.819074
2.808187 0.784896
2.810313 0.760245
2.812438 0.740388
2.814563 0.723995
2.816688 0.708600
2.818812 0.695994
2.820938 0.685025
2.823062 0.674590
2.825188 0.664889
2.827313 0.656613
2.829438 0.649085
2.831563 0.641097
2.833687 0.634304
2.835813 0.628006
2.837938 0.622252
2.840063 0.616110
2.842188 0.610801
2.844313 0.606008
2.846438 0.600847
2.848562 0.596053
2.850688 0.591752
2.852813 0.587942
2.854938 0.583163
2.857063 0.579346
2.859187 0.575786
2.861313 0.572260
2.863437 0.568410
2.865563 0.565227
2.867688 0.562144
2.869813 0.558602
2.871938 0.555494
2.874062 0.552742
2.876188 0.550003
2.878312 0.546925
2.880438 0.544149
2.882563 0.541769
2.884688 0.539094
2.886813 0.536472
2.888937 0.534041
2.891063 0.531922
2.893187 0.529242
2.895313 0.526956
2.897438 0.525004
2.899563 0.522799
2.901688 0.520382
2.903812 0.518569
2.905938 0.516676
2.908063 0.514416
2.910188 0.512428
2.912313 0.510628
2.914438 0.508922
2.916563 0.506851
2.918687 0.505014
2.920813 0.503479
2.922938 0.501635
2.925063 0.499869
2.927188 0.498283
2.929312 0.496812
2.931438 0.494852
2.933562 0.493422
2.935688 0.491901
2.937813 0.490496
2.939938 0.488673
2.942063 0.487345
2.944187 0.486159
2.946313 0.484290
2.948437 0.482952
2.950563 0.481782
2.952688 0.480446
2.954813 0.478773
2.956938 0.477662
2.959062 0.476226
2.961188 0.475253
2.963313 0.473580
2.965438 0.472455
2.967563 0.471460
2.969688 0.469988
2.971813 0.468733
2.973937 0.467689
2.976063 0.466581
2.978188 0.465247
2.980313 0.464114
2.982438 0.463209
2.984563 0.461835
2.986688 0.460795
2.988812 0.459795
2.990938 0.458784
2.993063 0.457475
2.995188 0.456573
2.997313 0.455745
2.999437 0.454376
3.001563 0.453477
3.003687 0.452523
3.005813 0.451645
3.007938 0.450405
3.010063 0.449536
3.012188 0.448746
3.014312 0.447640
3.016438 0.446743
3.018562 0.445782
3.020688 0.445073
3.022813 0.443939
3.024938 0.443022
3.027063 0.442225
3.029187 0.441483
3.031313 0.440389
3.033438 0.439549
3.035563 0.438992
3.037688 0.437715
3.039813 0.437102
3.041938 0.436248
3.044062 0.435585
3.046188 0.434602
3.048313 0.433631
3.050438 0.433256
3.052563 0.432226
3.054688 0.431377
3.056813 0.430780
3.058937 0.429957
3.061063 0.429134
3.063188 0.428300
3.065313 0.427947
3.067438 0.426841
3.069562 0.426134
3.071688 0.425461
3.073812 0.424817
3.075938 0.424018
3.078063 0.423325
3.080188 0.422796
3.082313 0.421819
3.084437 0.421196
3.086563 0.420712
3.088688 0.419900
3.090813 0.419072
3.092938 0.418608
3.095063 0.417962
3.097188 0.417187
3.099312 0.416538
3.101438 0.415955
3.103563 0.415403
3.105688 0.414583
3.107813 0.413995
3.109938 0.413517
3.112063 0.412729
3.114187 0.412043
3.116313 0.411655
3.118438 0.411071
3.120563 0.410227
3.122688 0.409697
3.124812 0.409305
3.126938 0.408505
3.129062 0.407851
3.131188 0.407422
3.133313 0.407007
3.135438 0.406163
3.137563 0.405616
3.139687 0.405211
3.141813 0.404638
3.143937 0.403800
3.146063 0.403513
3.148188 0.402983
3.150313 0.402246
3.152438 0.401870
3.154562 0.401355
3.156688 0.400596
3.158813 0.400297
3.160938 0.399558
3.163063 0.399269
3.165188 0.398468
3.167313 0.398172
3.169437 0.397691
3.171563 0.397113
3.173688 0.396513
3.175813 0.396228
3.177938 0.395547
3.180063 0.395032
3.182188 0.394483
3.184312 0.394329
3.186438 0.393572
3.188563 0.392948
3.190688 0.392817
3.192813 0.392219
3.194937 0.391530
3.197063 0.391318
3.199187 0.390785
3.201313 0.390220
3.203438 0.389778
3.205563 0.389476
3.207688 0.388788
3.209812 0.388473
3.211938 0.387941
3.214062 0.387642
3.216188 0.386994
3.218313 0.386675
3.220438 0.386344
3.222563 0.385613
3.224687 0.385305
3.226813 0.384949
3.228938 0.384650
3.231063 0.383758
3.233188 0.383608
3.235313 0.383296
3.237438 0.382643
3.239562 0.382270
3.241688 0.382090
3.243813 0.381398
3.245938 0.380997
3.248063 0.380690
3.250188 0.380323
3.252313 0.379813
3.254437 0.379410
3.256563 0.379236
3.258688 0.378513
3.260813 0.378177
3.262938 0.377846
3.265062 0.377485
3.267188 0.377054
3.269312 0.376623
3.271438 0.376397
3.273563 0.375733
3.275688 0.375470
3.277813 0.375279
3.279937 0.374736
3.282063 0.374215
3.284188 0.374102
3.286313 0.373655
3.288438 0.373142
3.290563 0.372929
3.292688 0.372608
3.294812 0.371923
3.296938 0.371832
3.299063 0.371442
3.301188 0.371012
3.303313 0.370700
3.305438 0.370355
3.307563 0.369937
3.309687 0.369564
3.311813 0.369282
3.313938 0.368978
3.316063 0.368407
3.318188 0.368211
3.320312 0.367954
3.322438 0.367493
3.324562 0.367092
3.326688 0.366911
3.328813 0.366527
3.330938 0.366107
3.333063 0.365802
3.335187 0.365584
3.337313 0.365037
3.339437 0.364784
3.341563 0.364516
3.343688 0.364207
3.345813 0.363741
3.347938 0.363570
3.350062 0.363014
3.352188 0.362815
3.354313 0.362777
3.356438 0.362086
3.358563 0.361877
3.360688 0.361484
3.362813 0.361349
3.364937 0.360795
3.367063 0.360681
3.369188 0.360353
3.371313 0.359911
3.373438 0.359640
3.375563 0.359558
3.377688 0.358966
3.379812 0.358790
3.381938 0.358480
3.384063 0.358165
3.386188 0.357841
3.388313 0.357560
3.390437 0.357184
3.392563 0.356959
3.394687 0.356649
3.396813 0.356508
3.398938 0.355961
3.401063 0.355753
3.403188 0.355631
3.405312 0.355163
3.407438 0.354700
3.409563 0.354748
3.411688 0.354329
3.413813 0.353982
3.415938 0.353857
3.418063 0.353327
3.420187 0.353168
3.422313 0.352989
3.424438 0.352726
3.426563 0.352243
3.428688 0.351940
3.430813 0.351951
3.432938 0.351442
3.435062 0.351218
3.437188 0.351056
3.439313 0.350633
3.441438 0.350316
3.443563 0.350226
3.445688 0.349901
3.447813 0.349523
3.449937 0.349427
3.452063 0.349017
3.454188 0.348735
3.456313 0.348694
3.458438 0.348214
3.460562 0.348008
3.462688 0.347756
3.464812 0.347628
3.466938 0.347014
3.469063 0.347071
3.471188 0.346721
3.473313 0.346418
3.475437 0.346153
3.477563 0.346083
3.479688 0.345535
3.481813 0.345548
3.483938 0.345190
3.486063 0.344914
3.488188 0.344653
3.490312 0.344475
3.492438 0.344151
3.494563 0.343943
3.496688 0.343724
3.498813 0.343459
3.500938 0.343055
3.503063 0.343132
3.505187 0.342660
3.507313 0.342388
3.509438 0.342357
3.511563 0.341848
3.513688 0.341754
3.515813 0.341655
3.517938 0.341127
3.520062 0.341013
3.522188 0.340883
3.524313 0.340461
3.526438 0.340281
3.528563 0.340304
3.530687 0.339728
3.532813 0.339533
3.534938 0.339524
3.537063 0.339116
3.539188 0.338858
3.541313 0.338810
3.543438 0.338418
3.545562 0.338173
3.547688 0.338146
3.549813 0.337798
3.551938 0.337391
3.554063 0.337378
3.556188 0.337165
3.558313 0.336765
3.560437 0.336911
3.562563 0.336273
3.564688 0.336121
3.566813 0.336092
3.568938 0.335760
3.571063 0.335493
3.573188 0.335416
3.575312 0.335091
3.577438 0.334819
3.579563 0.334901
3.581688 0.334302
3.583813 0.334276
3.585938 0.334114
3.588063 0.333817
3.590187 0.333534
3.592313 0.333464
3.594438 0.333124
3.596563 0.332976
3.598688 0.332809
3.600812 0.332514
3.602938 0.332357
3.605063 0.332114
3.607188 0.331950
3.609313 0.331738
3.611438 0.331559
3.613563 0.331189
3.615687 0.331119
3.617813 0.330983
3.619938 0.330670
3.622063 0.330507
3.624188 0.330412
3.626313 0.329907
3.628438 0.329929
3.630562 0.329705
3.632688 0.329371
3.634813 0.329350
3.636938 0.329040
3.639063 0.328961
3.641188 0.328740
3.643313 0.328383
3.645437 0.328382
3.647563 0.328009
3.649688 0.327881
3.651813 0.327639
3.653938 0.327633
3.656062 0.327326
3.658188 0.327070
3.660312 0.326938
3.662438 0.326703
3.664563 0.326490
3.666688 0.326336
3.668813 0.326194
3.670937 0.326081
3.673063 0.325688
3.675188 0.325508
3.677313 0.325580
3.679438 0.325179
3.681563 0.324970
3.683688 0.324915
3.685812 0.324532
3.687938 0.324553
3.690063 0.324288
3.692188 0.324107
3.694313 0.323794
3.696438 0.323841
3.698563 0.323472
3.700687 0.323398
3.702813 0.323182
3.704938 0.323056
3.707063 0.322718
3.709188 0.322680
3.711313 0.322450
3.713438 0.322343
3.715562 0.321900
3.717688 0.322010
3.719813 0.321710
3.721938 0.321642
3.724063 0.321389
3.726187 0.321115
3.728313 0.320931
3.730438 0.321064
3.732563 0.320527
3.734688 0.320577
3.736813 0.320377
3.738938 0.320088
3.741062 0.319873
3.743188 0.319988
3.745313 0.319419
3.747438 0.319584
3.749563 0.319221
3.751688 0.319179
3.753813 0.319058
3.755937 0.318671
3.758063 0.318523
3.760188 0.318533
3.762313 0.318126
3.764438 0.318265
3.766563 0.317778
3.768688 0.317868
3.770812 0.317532
3.772938 0.317480
3.775063 0.317181
3.777188 0.317257
3.779313 0.316719
3.781438 0.316823
3.783563 0.316609
3.785687 0.316367
3.787813 0.316352
3.789938 0.315961
3.792063 0.316014
3.794188 0.315797
3.796312 0.315596
3.798438 0.315412
3.800563 0.315319
3.802688 0.315049
3.804813 0.315088
3.806938 0.314681
3.809063 0.314704
3.811187 0.314444
3.813313 0.314326
3.815438 0.314133
3.817563 0.314092
3.819688 0.313766
3.821813 0.313791
3.823938 0.313406
3.826062 0.313469
3.828188 0.313239
3.830313 0.312964
3.832438 0.313093
3.834563 0.312615
3.836688 0.312597
3.838813 0.312430
3.840937 0.312195
3.843063 0.312215
3.845188 0.311914
3.847313 0.311896
3.849438 0.311626
3.851562 0.311555
3.853688 0.311355
3.855813 0.311186
3.857938 0.311111
3.860063 0.310906
3.862188 0.310880
3.864313 0.310462
3.866437 0.310436
3.868563 0.310341
3.870688 0.310154
3.872813 0.309998
3.874938 0.309874
3.877063 0.309746
3.879188 0.309612
3.881312 0.309405
3.883438 0.309219
3.885563 0.309165
3.887688 0.308967
3.889813 0.308715
3.891938 0.308911
3.894063 0.308397
3.896187 0.308355
3.898313 0.308340
3.900438 0.307966
3.902563 0.308067
3.904688 0.307777
3.906813 0.307658
3.908938 0.307492
3.911062 0.307437
3.913188 0.307276
3.915313 0.306974
3.917438 0.307086
3.919563 0.306795
3.921687 0.306613
3.923813 0.306543
3.925938 0.306354
3.928063 0.306272
3.930188 0.306117
3.932313 0.306051
3.934438 0.305758
3.936562 0.305650
3.938688 0.305653
3.940813 0.305367
3.942938 0.305175
3.945063 0.305230
3.947188 0.305059
3.949313 0.304791
3.951437 0.304701
3.953563 0.304559
3.955688 0.304657
3.957813 0.304110
3.959938 0.304214
3.962063 0.303986
3.964188 0.304000
3.966312 0.303672
3.968438 0.303626
3.970563 0.303590
3.972688 0.303381
3.974813 0.303162
3.976938 0.303035
3.979063 0.302956
3.981187 0.302963
3.983313 0.302633
3.985438 0.302592
3.987563 0.302368
3.989688 0.302281
3.991812 0.302191
3.993938 0.302089
3.996063 0.301870
3.998188 0.301700
4.000313 0.301763
4.002438 0.301507
4.004563 0.301396
4.006687 0.301194
4.008813 0.301147
4.010938 0.300911
4.013063 0.300872
4.015187 0.300870
4.017313 0.300434
4.019438 0.300450
4.021562 0.300428
4.023688 0.300108
4.025813 0.300257
4.027938 0.299928
4.030062 0.299896
4.032188 0.299616
4.034313 0.299692
4.036437 0.299391
4.038563 0.299281
4.040688 0.299377
4.042813 0.298910
4.044937 0.299032
4.047063 0.298691
4.049188 0.298772
4.051312 0.298513
4.053438 0.298586
4.055563 0.298291
4.057688 0.298202
4.059812 0.298070
4.061938 0.297888
4.064063 0.297946
4.066187 0.297597
4.068313 0.297675
4.070438 0.297487
4.072563 0.297307
4.074688 0.297226
4.076813 0.297011
4.078938 0.297108
4.081062 0.296747
4.083188 0.296856
4.085313 0.296481
4.087438 0.296631
4.089563 0.296348
4.091688 0.296192
4.093813 0.296201
4.095937 0.295937
4.098063 0.295942
4.100188 0.295779
4.102313 0.295667
4.104438 0.295453
4.106563 0.295532
4.108688 0.295214
4.110812 0.295269
4.112938 0.295038
4.115063 0.294975
4.117188 0.294833
4.119313 0.294603
4.121438 0.294631
4.123563 0.294434
4.125687 0.294362
4.127813 0.294242
4.129938 0.294201
4.132062 0.293991
4.134188 0.293975
4.136313 0.293711
4.138438 0.293681
4.140562 0.293531
4.142688 0.293434
4.144813 0.293287
4.146937 0.293278
4.149063 0.293021
4.151188 0.293016
4.153313 0.292839
4.155437 0.292716
4.157563 0.292673
4.159688 0.292491
4.161812 0.292475
4.163938 0.292195
4.166063 0.292286
4.168188 0.292060
4.170312 0.291928
4.172438 0.291814
4.174563 0.291773
4.176687 0.291647
4.178813 0.291530
4.180938 0.291414
4.183063 0.291400
4.185187 0.291170
4.187313 0.290955
4.189438 0.291026
4.191562 0.290778
4.193688 0.290811
4.195813 0.290531
4.197938 0.290586
4.200063 0.290307
4.202188 0.290374
4.204313 0.290198
4.206437 0.290117
4.208563 0.289891
4.210688 0.290012
4.212813 0.289606
4.214938 0.289743
4.217063 0.289408
4.219188 0.289605
4.221312 0.289219
4.223438 0.289307
4.225563 0.289017
4.227688 0.289017
4.229813 0.288854
4.231938 0.288826
4.234063 0.288662
4.236187 0.288695
4.238313 0.288454
4.240438 0.288272
4.242563 0.288254
4.244688 0.288103
4.246813 0.288174
4.248938 0.287890
4.251062 0.287817
4.253188 0.287729
4.255313 0.287653
4.257437 0.287551
4.259563 0.287401
4.261688 0.287388
4.263813 0.287069
4.265937 0.287160
4.268063 0.287043
4.270188 0.286880
4.272312 0.286775
4.274438 0.286678
4.276563 0.286651
4.278688 0.286472
4.280812 0.286380
4.282938 0.286301
4.285063 0.286181
4.287187 0.286191
4.289313 0.285835
4.291438 0.286047
4.293563 0.285507
4.295687 0.285865
4.297813 0.285415
4.299938 0.285515
4.302062 0.285333
4.304188 0.285307
4.306313 0.285095
4.308438 0.285148
4.310562 0.284896
4.312688 0.284901
4.314813 0.284669
4.316937 0.284840
4.319063 0.284401
4.321188 0.284565
4.323313 0.284329
4.325438 0.284282
4.327563 0.284184
4.329688 0.284069
4.331812 0.283937
4.333938 0.283971
4.336063 0.283759
4.338188 0.283694
4.340313 0.283465
4.342438 0.283524
4.344563 0.283488
4.346687 0.283055
4.348813 0.283284
4.350938 0.283030
4.353063 0.283031
4.355188 0.282839
4.357313 0.282895
4.359438 0.282616
4.361562 0.282691
4.363688 0.282415
4.365813 0.282477
4.367938 0.282302
4.370063 0.282229
4.372188 0.282286
4.374313 0.281827
4.376437 0.282011
4.378563 0.281803
4.380688 0.281744
4.382812 0.281521
4.384938 0.281633
4.387063 0.281470
4.389188 0.281331
4.391312 0.281285
4.393438 0.281109
4.395563 0.281185
4.397687 0.280935
4.399813 0.280964
4.401938 0.280829
4.404063 0.280738
4.406187 0.280480
4.408313 0.280546
4.410438 0.280336
4.412562 0.280367
4.414688 0.280260
4.416813 0.280098
4.418938 0.280139
4.421062 0.279881
4.423188 0.279916
4.425313 0.279729
4.427437 0.279793
4.429563 0.279500
4.431688 0.279453
4.433813 0.279515
4.435937 0.279272
4.438063 0.279235
4.440188 0.279044
4.442312 0.279102
4.444438 0.278904
4.446563 0.278908
4.448688 0.278694
4.450813 0.278695
4.452938 0.278711
4.455063 0.278397
4.457187 0.278451
4.459313 0.278329
4.461438 0.278190
4.463563 0.278108
4.465688 0.278025
4.467813 0.277972
4.469938 0.277774
4.472062 0.277964
4.474188 0.277566
4.476313 0.277637
4.478438 0.277592
4.480563 0.277416
4.482688 0.277299
4.484813 0.277223
4.486937 0.277142
4.489063 0.277044
4.491188 0.276983
4.493313 0.277006
4.495438 0.276631
4.497563 0.276758
4.499688 0.276646
4.501812 0.276588
4.503938 0.276460
4.506063 0.276329
4.508188 0.276280
4.510313 0.276106
4.512438 0.276203
4.514563 0.275991
4.516687 0.275807
4.518813 0.275921
4.520938 0.275770
4.523062 0.275706
4.525188 0.275557
4.527313 0.275613
4.529438 0.275340
4.531562 0.275158
4.533688 0.275385
4.535813 0.275144
4.537937 0.275011
4.540063 0.275010
4.542188 0.274854
4.544313 0.274876
4.546437 0.274684
4.548563 0.274675
4.550688 0.274655
4.552812 0.274376
4.554938 0.274374
4.557063 0.274228
4.559188 0.274179
4.561312 0.274250
4.563438 0.274047
4.565563 0.273961
4.567687 0.273988
4.569813 0.273727
4.571938 0.273761
4.574063 0.273512
4.576187 0.273558
4.578313 0.273527
4.580438 0.273314
4.582562 0.273349
4.584688 0.273243
4.586813 0.273135
4.588938 0.273017
4.591063 0.272977
4.593188 0.273004
4.595313 0.272725
4.597437 0.272613
4.599563 0.272692
4.601688 0.272552
4.603813 0.272381
4.605938 0.272471
4.608063 0.272347
4.610188 0.272212
4.612312 0.272204
4.614438 0.271977
4.616563 0.272050
4.618688 0.271907
4.620813 0.271682
4.622938 0.271846
4.625063 0.271638
4.627187 0.271535
4.629313 0.271525
4.631438 0.271493
4.633563 0.271336
4.635688 0.271257
4.637813 0.271121
4.639938 0.271153
4.642062 0.271029
4.644188 0.270802
4.646313 0.270904
4.648438 0.270828
4.650563 0.270666
4.652688 0.270630
4.654813 0.270548
4.656937 0.270457
4.659063 0.270309
4.661188 0.270313
4.663312 0.270246
4.665438 0.270137
4.667563 0.270062
4.669688 0.269961
4.671812 0.270002
4.673938 0.269815
4.676063 0.269684
4.678187 0.269766
4.680313 0.269562
4.682438 0.269436
4.684563 0.269422
4.686687 0.269347
4.688813 0.269318
4.690938 0.269223
4.693062 0.269073
4.695188 0.269041
4.697313 0.269062
4.699438 0.268833
4.701562 0.268831
4.703688 0.268694
4.705813 0.268633
4.707937 0.268587
4.710063 0.268507
4.712188 0.268488
4.714313 0.268290
4.716438 0.268319
4.718563 0.268181
4.720688 0.268185
4.722812 0.268072
4.724938 0.267991
4.727063 0.267769
4.729188 0.267866
4.731313 0.267753
4.733438 0.267553
4.735563 0.267679
4.737687 0.267576
4.739813 0.267392
4.741938 0.267313
4.744063 0.267331
4.746188 0.267274
4.748313 0.267072
4.750438 0.267035
4.752562 0.266972
4.754688 0.266907
4.756813 0.266796
4.758938 0.266833
4.761063 0.266604
4.763188 0.266729
4.765313 0.266518
4.767437 0.266450
4.769563 0.266370
4.771688 0.266465
4.773813 0.266239
4.775938 0.266011
4.778063 0.266085
4.780188 0.266088
4.782312 0.265931
4.784438 0.265807
4.786563 0.265806
4.788687 0.265784
4.790813 0.265575
4.792938 0.265598
4.795063 0.265594
4.797187 0.265463
4.799313 0.265335
4.801438 0.265228
4.803562 0.265242
4.805688 0.265135
4.807813 0.265051
4.809938 0.264983
4.812062 0.264869
4.814188 0.264894
4.816313 0.264814
4.818437 0.264766
4.820563 0.264541
4.822688 0.264623
4.824813 0.264456
4.826937 0.264486
4.829063 0.264235
4.831188 0.264302
4.833312 0.264183
4.835438 0.264067
4.837563 0.264022
4.839688 0.264055
4.841813 0.263980
4.843938 0.263767
4.846063 0.263785
4.848187 0.263741
4.850313 0.263676
4.852438 0.263504
4.854563 0.263484
4.856688 0.263487
4.858813 0.263335
4.860938 0.263185
4.863062 0.263182
4.865188 0.263201
4.867313 0.263069
4.869438 0.262918
4.871563 0.262918
4.873688 0.262894
4.875813 0.262869
4.877937 0.262642
4.880063 0.262631
4.882188 0.262603
4.884313 0.262555
4.886438 0.262393
4.888563 0.262367
4.890688 0.262347
4.892812 0.262222
4.894938 0.262135
4.897063 0.262051
4.899188 0.261984
4.901313 0.262082
4.903438 0.261781
4.905563 0.261774
4.907687 0.261678
4.909813 0.261770
4.911938 0.261595
4.914062 0.261594
4.916188 0.261368
4.918313 0.261396
4.920438 0.261312
4.922562 0.261335
4.924688 0.261193
4.926813 0.261136
4.928937 0.260960
4.931063 0.261043
4.933188 0.260974
4.935313 0.260840
4.937437 0.260740
4.939563 0.260762
4.941688 0.260662
4.943812 0.260631
4.945938 0.260379
4.948063 0.260491
4.950188 0.260406
4.952312 0.260396
4.954438 0.260160
4.956563 0.260071
4.958687 0.260210
4.960813 0.260054
4.962938 0.259997
4.965063 0.259836
4.967188 0.259804
4.969313 0.259823
4.971438 0.259663
4.973562 0.259671
4.975688 0.259667
4.977813 0.259406
4.979938 0.259424
4.982063 0.259386
4.984188 0.259383
4.986313 0.259289
4.988437 0.259047
4.990563 0.259129
4.992688 0.259110
4.994813 0.258891
4.996938 0.258961
4.999063 0.258901
5.001188 0.258762
5.003312 0.258629
5.005438 0.258704
5.007563 0.258580
5.009688 0.258564
5.011813 0.258465
5.013938 0.258342
5.016063 0.258316
5.018187 0.258232
5.020313 0.258236
5.022438 0.258080
5.024563 0.258164
5.026688 0.257949
5.028813 0.257871
5.030938 0.257934
5.033062 0.257844
5.035188 0.257753
5.037313 0.257609
5.039438 0.257546
5.041563 0.257612
5.043688 0.257498
5.045813 0.257382
5.047937 0.257336
5.050063 0.257425
5.052188 0.257179
5.054312 0.257051
5.056438 0.257107
5.058563 0.257087
5.060688 0.256954
5.062812 0.256894
5.064938 0.256859
5.067063 0.256859
5.069187 0.256630
5.071313 0.256687
5.073438 0.256615
5.075563 0.256480
5.077687 0.256439
5.079813 0.256471
5.081938 0.256329
5.084062 0.256319
5.086188 0.256086
5.088313 0.256223
5.090438 0.256067
5.092563 0.256091
5.094688 0.255895
5.096813 0.255932
5.098937 0.255894
5.101063 0.255677
5.103188 0.255737
5.105313 0.255636
5.107438 0.255532
5.109563 0.255513
5.111688 0.255447
5.113812 0.255455
5.115938 0.255284
5.118063 0.255352
5.120188 0.255211
5.122313 0.255118
5.124438 0.255010
5.126563 0.254990
5.128687 0.255063
5.130813 0.254842
5.132938 0.254856
5.135063 0.254838
5.137188 0.254763
5.139313 0.254629
5.141438 0.254603
5.143562 0.254569
5.145688 0.254428
5.147813 0.254335
5.149938 0.254411
5.152063 0.254240
5.154188 0.254201
5.156313 0.254161
5.158437 0.254220
5.160563 0.253910
5.162688 0.254042
5.164813 0.253978
5.166938 0.253893
5.169063 0.253770
5.171188 0.253785
5.173312 0.253608
5.175438 0.253545
5.177563 0.253549
5.179688 0.253543
5.181813 0.253388
5.183938 0.253372
5.186063 0.253345
5.188187 0.253212
5.190313 0.253299
5.192438 0.253113
5.194562 0.253194
5.196688 0.252932
5.198813 0.253025
5.200938 0.252895
5.203062 0.252768
5.205188 0.252806
5.207313 0.252678
5.209437 0.252660
5.211563 0.252513
5.213688 0.252630
5.215813 0.252541
5.217938 0.252310
5.220063 0.252401
5.222188 0.252270
5.224312 0.252210
5.226438 0.252212
5.228563 0.252166
5.230688 0.252061
5.232813 0.251989
5.234938 0.252028
5.237063 0.251875
5.239187 0.251822
5.241313 0.251813
5.243438 0.251603
5.245563 0.251689
5.247688 0.251612
5.249813 0.251548
5.251938 0.251599
5.254062 0.251315
5.256188 0.251414
5.258313 0.251246
5.260438 0.251214
5.262563 0.251226
5.264688 0.251176
5.266813 0.251087
5.268937 0.251042
5.271063 0.250912
5.273188 0.250868
5.275313 0.250866
5.277438 0.250813
5.279563 0.250655
5.281688 0.250828
5.283812 0.250504
5.285938 0.250537
5.288063 0.250505
5.290188 0.250412
5.292313 0.250401
5.294438 0.250339
5.296563 0.250295
5.298687 0.250225
5.300813 0.250092
5.302938 0.250069
5.305063 0.250048
5.307188 0.250053
5.309313 0.249855
5.311438 0.249825
5.313562 0.249918
5.315688 0.249701
5.317813 0.249655
5.319937 0.249742
5.322063 0.249534
5.324188 0.249504
5.326313 0.249478
5.328437 0.249381
5.330563 0.249357
5.332688 0.249401
5.334812 0.249157
5.336938 0.249204
5.339063 0.249143
5.341188 0.249073
5.343312 0.249017
5.345438 0.249033
5.347563 0.248784
5.349687 0.248964
5.351813 0.248846
5.353938 0.248692
5.356063 0.248651
5.358188 0.248611
5.360313 0.248541
5.362438 0.248633
5.364562 0.248384
5.366688 0.248418
5.368813 0.248291
5.370938 0.248333
5.373063 0.248237
5.375188 0.248247
5.377313 0.248063
5.379437 0.248048
5.381563 0.248020
5.383688 0.248028
5.385813 0.247953
5.387938 0.247770
5.390063 0.247772
5.392188 0.247842
5.394312 0.247655
5.396438 0.247600
5.398563 0.247615
5.400688 0.247526
5.402813 0.247539
5.404938 0.247260
5.407063 0.247344
5.409187 0.247437
5.411313 0.247190
5.413438 0.247231
5.415563 0.247098
5.417688 0.247144
5.419813 0.246973
5.421938 0.246985
5.424062 0.246876
5.426188 0.246972
5.428313 0.246761
5.430438 0.246829
5.432563 0.246615
5.434688 0.246697
5.436813 0.246601
5.438937 0.246470
5.441063 0.246589
5.443188 0.246427
5.445312 0.246353
5.447438 0.246356
5.449563 0.246400
5.451688 0.246158
5.453812 0.246095
5.455938 0.246109
5.458063 0.246103
5.460187 0.245921
5.462313 0.245990
5.464438 0.246009
5.466563 0.245776
5.468687 0.245753
5.470813 0.245779
5.472938 0.245725
5.475062 0.245501
5.477188 0.245636
5.479313 0.245622
5.481438 0.245446
5.483563 0.245408
5.485688 0.245370
5.487813 0.245358
5.489937 0.245163
5.492063 0.245314
5.494188 0.245146
5.496313 0.245035
5.498438 0.245151
5.500563 0.244907
5.502688 0.245027
5.504812 0.244863
5.506938 0.244866
5.509063 0.244758
5.511188 0.244773
5.513313 0.244625
5.515438 0.244565
5.517563 0.244723
5.519687 0.244496
5.521813 0.244456
5.523938 0.244470
5.526063 0.244294
5.528188 0.244350
5.530313 0.244410
5.532438 0.244142
5.534562 0.244098
5.536688 0.244166
5.538813 0.243989
5.540938 0.244122
5.543063 0.243891
5.545188 0.243838
5.547313 0.243949
5.549437 0.243702
5.551563 0.243884
5.553688 0.243587
5.555813 0.243683
5.557938 0.243638
5.560063 0.243534
5.562188 0.243482
5.564312 0.243467
5.566438 0.243338
5.568563 0.243356
5.570688 0.243227
5.572813 0.243270
5.574938 0.243256
5.577063 0.243023
5.579187 0.243266
5.581313 0.242965
5.583438 0.242949
5.585562 0.242867
5.587688 0.242947
5.589813 0.242866
5.591938 0.242745
5.594062 0.242717
5.596188 0.242709
5.598313 0.242606
5.600437 0.242644
5.602563 0.242417
5.604688 0.242519
5.606813 0.242517
5.608938 0.242333
5.611063 0.242211
5.613188 0.242319
5.615312 0.242279
5.617438 0.242102
5.619563 0.242207
5.621688 0.241929
5.623813 0.242186
5.625938 0.241875
5.628063 0.241933
5.630187 0.241846
5.632313 0.241819
5.634438 0.241782
5.636563 0.241703
5.638688 0.241772
5.640813 0.241532
5.642938 0.241637
5.645062 0.241450
5.647188 0.241629
5.649313 0.241238
5.651438 0.241503
5.653563 0.241290
5.655688 0.241322
5.657813 0.241152
5.659937 0.241237
5.662063 0.241041
5.664188 0.241169
5.666313 0.240895
5.668438 0.241094
5.670563 0.240841
5.672688 0.240918
5.674812 0.240782
5.676938 0.240849
5.679063 0.240649
5.681188 0.240842
5.683313 0.240569
5.685438 0.240504
5.687563 0.240661
5.689687 0.240372
5.691813 0.240457
5.693938 0.240416
5.696063 0.240284
5.698188 0.240320
5.700313 0.240262
5.702438 0.240161
5.704562 0.240093
5.706688 0.240232
5.708813 0.240014
5.710938 0.239955
5.713063 0.240027
5.715188 0.239782
5.717313 0.239911
5.719437 0.239793
5.721563 0.239750
5.723688 0.239625
5.725812 0.239837
5.727938 0.239473
5.730063 0.239610
5.732188 0.239540
5.734313 0.239461
5.736438 0.239472
5.738563 0.239331
5.740687 0.239292
5.742813 0.239380
5.744938 0.239060
5.747063 0.239254
5.749188 0.239056
5.751313 0.239150
5.753438 0.239078
5.755562 0.238904
5.757688 0.238903
5.759813 0.238935
5.761938 0.238839
5.764063 0.238881
5.766188 0.238662
5.768313 0.238700
5.770437 0.238713
5.772563 0.238519
5.774688 0.238673
5.776813 0.238457
5.778938 0.238410
5.781063 0.238525
5.783188 0.238260
5.785312 0.238382
5.787438 0.238236
5.789563 0.238200
5.791688 0.238213
5.793813 0.238087
5.795938 0.238143
5.798063 0.238006
5.800187 0.238062
5.802313 0.237867
5.804438 0.237978
5.806563 0.237793
5.808688 0.237823
5.810813 0.237859
5.812938 0.237562
5.815062 0.237683
5.817188 0.237692
5.819313 0.237462
5.821438 0.237536
5.823563 0.237579
5.825688 0.237314
5.827813 0.237447
5.829937 0.237442
5.832063 0.237192
5.834188 0.237233
5.836313 0.237221
5.838438 0.237143
5.840563 0.237029
5.842688 0.237116
5.844812 0.236961
5.846938 0.236995
5.849063 0.236879
5.851187 0.236919
5.853313 0.236897
5.855438 0.236694
5.857563 0.236653
5.859688 0.236802
5.861813 0.236691
5.863938 0.236499
5.866062 0.236551
5.868188 0.236573
5.870313 0.236389
5.872438 0.236442
5.874563 0.236278
5.876688 0.236379
5.878813 0.236309
5.880937 0.236205
5.883063 0.236125
5.885188 0.236145
5.887313 0.236157
5.889438 0.236031
5.891563 0.235924
5.893688 0.236031
5.895812 0.235920
5.897938 0.235894
5.900063 0.235731
5.902188 0.235764
5.904313 0.235808
5.906438 0.235616
5.908563 0.235708
5.910687 0.235535
5.912813 0.235535
5.914938 0.235489
5.917063 0.235543
5.919188 0.235450
5.921313 0.235205
5.923438 0.235376
5.925562 0.235268
5.927688 0.235321
5.929813 0.235074
5.931938 0.235185
5.934063 0.235047
5.936188 0.235071
5.938313 0.235027
5.940437 0.234917
5.942563 0.234999
5.944688 0.234838
5.946813 0.234769
5.948938 0.234755
5.951063 0.234806
5.953188 0.234728
5.955312 0.234536
5.957438 0.234701
5.959563 0.234565
5.961688 0.234506
5.963813 0.234453
5.965938 0.234309
5.968063 0.234483
5.970187 0.234304
5.972313 0.234278
5.974438 0.234288
5.976562 0.234207
5.978688 0.234220
5.980813 0.234132
5.982938 0.233871
5.985062 0.234114
5.987188 0.233941
5.989313 0.233972
5.991437 0.233975
5.993563 0.233738
5.995688 0.233860
5.997813 0.233771
5.999938 0.233718
6.002063 0.233648
6.004188 0.233704
6.006312 0.233557
6.008438 0.233562
6.010563 0.233504
6.012688 0.233379
6.014813 0.233341
6.016938 0.233425
6.019063 0.233266
6.021187 0.233346
6.023313 0.233296
6.025438 0.233162
6.027563 0.233059
6.029688 0.233163
6.031813 0.232976
6.033938 0.233105
6.036062 0.232942
6.038188 0.232953
6.040313 0.232819
6.042438 0.232928
6.044563 0.232770
6.046688 0.232744
6.048813 0.232690
6.050937 0.232764
6.053063 0.232597
6.055188 0.232525
6.057313 0.232550
6.059438 0.232487
6.061563 0.232474
6.063688 0.232398
6.065812 0.232442
6.067938 0.232306
6.070063 0.232255
6.072188 0.232209
6.074313 0.232206
6.076438 0.232122
6.078563 0.232128
6.080687 0.232121
6.082813 0.232139
6.084938 0.231819
6.087063 0.231982
6.089188 0.231914
6.091313 0.231845
6.093438 0.231755
6.095562 0.231748
6.097688 0.231702
6.099813 0.231794
6.101938 0.231589
6.104063 0.231573
6.106188 0.231660
6.108313 0.231505
6.110437 0.231527
6.112563 0.231322
6.114688 0.231339
6.116812 0.231396
6.118938 0.231281
6.121063 0.231252
6.123188 0.231182
6.125313 0.231270
6.127438 0.231039
6.129563 0.231120
6.131687 0.231012
6.133813 0.231112
6.135938 0.230845
6.138063 0.230997
6.140188 0.230887
6.142313 0.230898
6.144438 0.230705
6.146562 0.230742
6.148688 0.230698
6.150813 0.230760
6.152938 0.230653
6.155063 0.230620
6.157188 0.230408
6.159313 0.230478
6.161437 0.230467
6.163563 0.230498
6.165688 0.230355
6.167813 0.230324
6.169938 0.230252
6.172063 0.230205
6.174188 0.230264
6.176312 0.230158
6.178438 0.230151
6.180563 0.230078
6.182688 0.230106
6.184813 0.230026
6.186938 0.229861
6.189063 0.229884
6.191187 0.229955
6.193313 0.229781
6.195438 0.229802
6.197563 0.229771
6.199688 0.229779
6.201813 0.229689
6.203938 0.229589
6.206062 0.229531
6.208188 0.229597
6.210313 0.229472
6.212438 0.229486
6.214563 0.229438
6.216688 0.229352
6.218813 0.229373
6.220937 0.229252
6.223063 0.229312
6.225188 0.229164
6.227313 0.229148
6.229438 0.229200
6.231563 0.229064
6.233688 0.229071
6.235812 0.229064
6.237938 0.228966
6.240063 0.228900
6.242188 0.228942
6.244313 0.228749
6.246438 0.228785
6.248563 0.228834
6.250688 0.228686
6.252813 0.228672
6.254938 0.228714
6.257062 0.228594
6.259188 0.228599
6.261313 0.228468
6.263438 0.228531
6.265563 0.228488
6.267688 0.228332
6.269813 0.228325
6.271937 0.228355
6.274063 0.228282
6.276188 0.228247
6.278313 0.228181
6.280438 0.228179
6.282563 0.228206
6.284688 0.227989
6.286812 0.228125
6.288938 0.227944
6.291063 0.227966
6.293188 0.227895
6.295313 0.227935
6.297438 0.227820
6.299563 0.227827
6.301687 0.227696
6.303813 0.227741
6.305938 0.227684
6.308063 0.227703
6.310188 0.227617
6.312313 0.227448
6.314438 0.227658
6.316562 0.227384
6.318688 0.227442
6.320813 0.227392
6.322938 0.227458
6.325063 0.227229
6.327188 0.227285
6.329313 0.227172
6.331437 0.227279
6.333563 0.227116
6.335688 0.227227
6.337813 0.227021
6.339938 0.227056
6.342063 0.226995
6.344188 0.227006
6.346312 0.226854
6.348438 0.226896
6.350563 0.226858
6.352688 0.226825
6.354813 0.226807
6.356938 0.226708
6.359063 0.226715
6.361187 0.226551
6.363313 0.226686
6.365438 0.226582
6.367563 0.226441
6.369688 0.226521
6.371813 0.226512
6.373938 0.226366
6.376063 0.226439
6.378188 0.226253
6.380313 0.226300
6.382437 0.226266
6.384563 0.226244
6.386688 0.226225
6.388813 0.226013
6.390938 0.226155
6.393063 0.226081
6.395188 0.226000
6.397312 0.225976
6.399438 0.226017
6.401563 0.225860
6.403688 0.225803
6.405813 0.225954
6.407938 0.225735
6.410063 0.225773
6.412187 0.225677
6.414313 0.225633
6.416438 0.225675
6.418563 0.225592
6.420688 0.225533
6.422813 0.225487
6.424938 0.225489
6.427062 0.225598
6.429188 0.225262
6.431313 0.225361
6.433438 0.225360
6.435563 0.225314
6.437688 0.225167
6.439813 0.225267
6.441937 0.225139
6.444063 0.225139
6.446188 0.225105
6.448313 0.225018
6.450438 0.225061
6.452563 0.225029
6.454688 0.224841
6.456812 0.224935
6.458938 0.224835
6.461063 0.224911
6.463188 0.224746
6.465313 0.224723
6.467438 0.224702
6.469563 0.224678
6.471687 0.224656
6.473813 0.224650
6.475938 0.224479
6.478063 0.224481
6.480188 0.224514
6.482313 0.224475
6.484438 0.224436
6.486562 0.224351
6.488688 0.224388
6.490813 0.224213
6.492938 0.224269
6.495063 0.224178
6.497188 0.224206
6.499313 0.224142
6.501438 0.224102
6.503563 0.224125
6.505688 0.223957
6.507812 0.224090
6.509938 0.223946
6.512063 0.223818
6.514188 0.223899
6.516313 0.223866
6.518438 0.223764
6.520563 0.223795
6.522687 0.223642
6.524813 0.223775
6.526938 0.223619
6.529063 0.223652
6.531188 0.223577
6.533313 0.223513
6.535438 0.223551
6.537562 0.223453
6.539688 0.223387
6.541813 0.223444
6.543938 0.223313
6.546063 0.223361
6.548188 0.223148
6.550313 0.223352
6.552437 0.223123
6.554563 0.223211
6.556688 0.223078
6.558813 0.223102
6.560938 0.223050
6.563063 0.222977
6.565188 0.223090
6.567312 0.222858
6.569438 0.222949
6.571563 0.222835
6.573688 0.222832
6.575813 0.222782
6.577938 0.222817
6.580063 0.222710
6.582187 0.222644
6.584313 0.222661
6.586438 0.222584
6.588563 0.222544
6.590688 0.222550
6.592813 0.222513
6.594938 0.222411
6.597062 0.222555
6.599188 0.222352
6.601313 0.222396
6.603438 0.222200
6.605563 0.222300
6.607688 0.222216
6.609813 0.222188
6.611937 0.222228
6.614063 0.222165
6.616188 0.222030
6.618313 0.222006
6.620438 0.222100
6.622563 0.221992
6.624688 0.221960
6.626813 0.221927
6.628938 0.221757
6.631063 0.221943
6.633188 0.221798
6.635313 0.221690
6.637438 0.221734
6.639563 0.221671
6.641688 0.221770
6.643813 0.221489
6.645938 0.221633
6.648062 0.221616
6.650188 0.221433
6.652313 0.221431
6.654438 0.221523
6.656563 0.221339
6.658688 0.221390
6.660813 0.221279
6.662937 0.221358
6.665063 0.221236
6.667188 0.221199
6.669313 0.221211
6.671438 0.221139
6.673563 0.221073
6.675688 0.221117
6.677812 0.220993
6.679938 0.221038
6.682063 0.221071
6.684188 0.220804
6.686313 0.220861
6.688438 0.220996
6.690563 0.220730
6.692687 0.220862
6.694813 0.220621
6.696938 0.220773
6.699063 0.220657
6.701188 0.220653
6.703313 0.220712
6.705438 0.220439
6.707562 0.220584
6.709688 0.220464
6.711813 0.220467
6.713938 0.220503
6.716063 0.220401
6.718188 0.220281
6.720313 0.220258
6.722437 0.220316
6.724563 0.220284
6.726688 0.220246
6.728813 0.220135
6.730938 0.220168
6.733063 0.220124
6.735188 0.220068
6.737312 0.220002
6.739438 0.220019
6.741563 0.219969
6.743688 0.219901
6.745813 0.219978
6.747938 0.219828
6.750063 0.219902
6.752187 0.219669
6.754313 0.219764
6.756438 0.219713
6.758563 0.219703
6.760688 0.219674
6.762813 0.219618
6.764938 0.219552
6.767063 0.219542
6.769188 0.219431
6.771313 0.219535
6.773438 0.219483
6.775563 0.219314
6.777688 0.219371
6.779813 0.219325
6.781938 0.219260
6.784063 0.219307
6.786188 0.219207
6.788312 0.219203
6.790438 0.219182
6.792563 0.219095
6.794688 0.219117
6.796813 0.219048
6.798938 0.219027
6.801063 0.218930
6.803187 0.218971
6.805313 0.218906
6.807438 0.218903
6.809563 0.218788
6.811688 0.218888
6.813813 0.218757
6.815938 0.218760
6.818062 0.218629
6.820188 0.218696
6.822313 0.218583
6.824438 0.218645
6.826563 0.218591
6.828688 0.218488
6.830813 0.218466
6.832937 0.218460
6.835063 0.218437
6.837188 0.218389
6.839313 0.218425
6.841438 0.218332
6.843563 0.218169
6.845688 0.218201
6.847812 0.218224
6.849938 0.218193
6.852063 0.218189
6.854188 0.218140
6.856313 0.218099
6.858438 0.218059
6.860563 0.218016
6.862687 0.217971
6.864813 0.217965
6.866938 0.217871
6.869063 0.217802
6.871188 0.217849
6.873313 0.217846
6.875438 0.217828
6.877562 0.217657
6.879688 0.217686
6.881813 0.217646
6.883938 0.217701
6.886063 0.217602
6.888188 0.217580
6.890313 0.217452
6.892438 0.217556
6.894563 0.217469
6.896688 0.217430
6.898813 0.217337
6.900938 0.217399
6.903063 0.217297
6.905188 0.217248
6.907313 0.217270
6.909438 0.217266
6.911563 0.217153
6.913687 0.217136
6.915813 0.217258
6.917938 0.216988
6.920063 0.216980
6.922188 0.217090
6.924313 0.217028
6.926438 0.216892
6.928562 0.216918
6.930688 0.216969
6.932813 0.216781
6.934938 0.216864
6.937063 0.216701
6.939188 0.216756
6.941313 0.216750
6.943437 0.216662
6.945563 0.216634
6.947688 0.216595
6.949813 0.216670
6.951938 0.216520
6.954063 0.216455
6.956188 0.216549
6.958312 0.216393
6.960438 0.216348
6.962563 0.216473
6.964688 0.216363
6.966813 0.216313
6.968938 0.216174
6.971063 0.216321
6.973187 0.216174
6.975313 0.216185
6.977438 0.216220
6.979563 0.216046
6.981688 0.216077
6.983813 0.216048
6.985938 0.215967
6.988062 0.216083
6.990188 0.215844
6.992313 0.216005
6.994438 0.215784
6.996563 0.215929
6.998688 0.215712
7.000813 0.215880
7.002937 0.215695
7.005063 0.215743
7.007188 0.215644
7.009313 0.215682
7.011438 0.215566
7.013563 0.215571
7.015688 0.215526
7.017813 0.215544
7.019938 0.215510
7.022063 0.215358
7.024188 0.215481
7.026313 0.215344
7.028438 0.215425
7.030563 0.215299
7.032688 0.215251
7.034813 0.215206
7.036938 0.215236
7.039062 0.215177
7.041188 0.215148
7.043313 0.215183
7.045438 0.214979
7.047563 0.215131
7.049688 0.215032
7.051813 0.214906
7.053937 0.215022
7.056063 0.214943
7.058188 0.214815
7.060313 0.214874
7.062438 0.214865
7.064563 0.214783
7.066688 0.214647
7.068812 0.214783
7.070938 0.214667
7.073063 0.214711
7.075188 0.214578
7.077313 0.214602
7.079438 0.214529
7.081563 0.214566
7.083687 0.214460
7.085813 0.214471
7.087938 0.214409
7.090063 0.214438
7.092188 0.214410
7.094313 0.214321
7.096438 0.214207
7.098562 0.214269
7.100688 0.214253
7.102813 0.214265
7.104938 0.214205
7.107063 0.214082
7.109188 0.214058
7.111313 0.214066
7.113437 0.214067
7.115563 0.213989
7.117688 0.213974
7.119813 0.213937
7.121938 0.213907
7.124063 0.213883
7.126188 0.213837
7.128312 0.213833
7.130438 0.213782
7.132563 0.213719
7.134688 0.213777
7.136813 0.213671
7.138938 0.213642
7.141063 0.213629
7.143188 0.213552
7.145313 0.213534
7.147438 0.213505
7.149563 0.213497
7.151688 0.213448
7.153813 0.213419
7.155938 0.213437
7.158063 0.213368
7.160188 0.213293
7.162313 0.213326
7.164438 0.213276
7.166563 0.213286
7.168688 0.213210
7.170813 0.213133
7.172938 0.213089
7.175063 0.213116
7.177188 0.213175
7.179312 0.213038
7.181438 0.212941
7.183563 0.212978
7.185688 0.213036
7.187813 0.212859
7.189938 0.212865
7.192063 0.212913
7.194187 0.212756
7.196313 0.212727
7.198438 0.212832
7.200563 0.212772
7.202688 0.212646
7.204813 0.212651
7.206938 0.212576
7.209062 0.212619
7.211188 0.212640
7.213313 0.212600
7.215438 0.212397
7.217563 0.212467
7.219688 0.212506
7.221813 0.212363
7.223937 0.212333
7.226063 0.212350
7.228188 0.212313
7.230313 0.212382
7.232438 0.212106
7.234563 0.212342
7.236688 0.212107
7.238812 0.212216
7.240938 0.212106
7.243063 0.212080
7.245188 0.212104
7.247313 0.212008
7.249438 0.211965
7.251563 0.212054
7.253687 0.211873
7.255813 0.211938
7.257938 0.211876
7.260063 0.211772
7.262188 0.211867
7.264313 0.211775
7.266438 0.211682
7.268563 0.211797
7.270688 0.211636
7.272813 0.211744
7.274938 0.211547
7.277063 0.211611
7.279188 0.211558
7.281313 0.211542
7.283438 0.211502
7.285563 0.211457
7.287688 0.211473
7.289813 0.211351
7.291938 0.211373
7.294063 0.211350
7.296188 0.211307
7.298313 0.211316
7.300438 0.211198
7.302563 0.211309
7.304688 0.211168
7.306813 0.211110
7.308938 0.211176
7.311063 0.211051
7.313188 0.211094
7.315313 0.211045
7.317438 0.211010
7.319562 0.210900
7.321688 0.210986
7.323813 0.210935
7.325938 0.210862
7.328063 0.210881
7.330188 0.210786
7.332313 0.210771
7.334437 0.210773
7.336563 0.210794
7.338688 0.210616
7.340813 0.210645
7.342938 0.210667
7.345063 0.210697
7.347188 0.210466
7.349312 0.210494
7.351438 0.210552
7.353563 0.210558
7.355688 0.210449
7.357813 0.210309
7.359938 0.210382
7.362063 0.210429
7.364187 0.210278
7.366313 0.210398
7.368438 0.210210
7.370563 0.210241
7.372688 0.210245
7.374813 0.210120
7.376938 0.210132
7.379062 0.210146
7.381188 0.210035
7.383313 0.210093
7.385438 0.210021
7.387563 0.209982
7.389688 0.209958
7.391813 0.209930
7.393938 0.209881
7.396063 0.209882
7.398188 0.209809
7.400313 0.209876
7.402438 0.209741
7.404563 0.209753
7.406688 0.209782
7.408813 0.209713
7.410938 0.209581
7.413063 0.209731
7.415188 0.209595
7.417313 0.209489
7.419438 0.209502
7.421563 0.209516
7.423688 0.209471
7.425813 0.209435
7.427938 0.209450
7.430063 0.209439
7.432188 0.209367
7.434313 0.209241
7.436438 0.209311
7.438563 0.209287
7.440688 0.209260
7.442813 0.209151
7.444937 0.209163
7.447063 0.209195
7.449188 0.209155
7.451313 0.209070
7.453438 0.209002
7.455563 0.209064
7.457688 0.209014
7.459812 0.208951
7.461938 0.208958
7.464063 0.208903
7.466188 0.208820
7.468313 0.208851
7.470438 0.208814
7.472563 0.208812
7.474687 0.208770
7.476813 0.208701
7.478938 0.208707
7.481063 0.208633
7.483188 0.208632
7.485313 0.208613
7.487438 0.208540
7.489562 0.208630
7.491688 0.208467
7.493813 0.208491
7.495938 0.208482
7.498063 0.208470
7.500188 0.208334
7.502313 0.208451
7.504437 0.208276
7.506563 0.208293
7.508688 0.208337
7.510813 0.208184
7.512938 0.208305
7.515063 0.208156
7.517188 0.208193
7.519312 0.208089
7.521438 0.208139
7.523563 0.207985
7.525688 0.208110
7.527813 0.208079
7.529938 0.207896
7.532063 0.207905
7.534188 0.207991
7.536313 0.207955
7.538438 0.207788
7.540563 0.207851
7.542688 0.207803
7.544813 0.207832
7.546938 0.207741
7.549063 0.207714
7.551188 0.207660
7.553313 0.207717
7.555438 0.207545
7.557563 0.207656
7.559688 0.207533
7.561813 0.207559
7.563938 0.207527
7.566063 0.207508
7.568188 0.207462
7.570312 0.207452
7.572438 0.207387
7.574563 0.207385
7.576688 0.207318
7.578813 0.207313
7.580938 0.207248
7.583063 0.207239
7.585187 0.207217
7.587313 0.207202
7.589438 0.207141
7.591563 0.207153
7.593688 0.207156
7.595813 0.207062
7.597938 0.207048
7.600062 0.207012
7.602188 0.207066
7.604313 0.206896
7.606438 0.206865
7.608563 0.206998
7.610688 0.206816
7.612813 0.206840
7.614937 0.206884
7.617063 0.206736
7.619188 0.206728
7.621313 0.206792
7.623438 0.206652
7.625563 0.206641
7.627688 0.206716
7.629812 0.206589
7.631938 0.206619
7.634063 0.206515
7.636188 0.206514
7.638313 0.206526
7.640438 0.206430
7.642563 0.206472
7.644687 0.206347
7.646813 0.206436
7.648938 0.206358
7.651063 0.206373
7.653188 0.206323
7.655313 0.206147
7.657438 0.206305
7.659563 0.206174
7.661688 0.206188
7.663813 0.206221
7.665938 0.206097
7.668063 0.206047
7.670188 0.206084
7.672313 0.206102
7.674438 0.205925
7.676563 0.205980
7.678688 0.205980
7.680813 0.205907
7.682938 0.205937
7.685063 0.205844
7.687188 0.205821
7.689313 0.205833
7.691438 0.205792
7.693563 0.205711
7.695688 0.205750
7.697813 0.205723
7.699938 0.205628
7.702063 0.205713
7.704188 0.205564
7.706313 0.205607
7.708438 0.205529
7.710562 0.205515
7.712688 0.205495
7.714813 0.205424
7.716938 0.205506
7.719063 0.205400
7.721188 0.205348
7.723313 0.205386
7.725437 0.205317
7.727563 0.205308
7.729688 0.205302
7.731813 0.205204
7.733938 0.205206
7.736063 0.205232
7.738188 0.205112
7.740312 0.205104
7.742438 0.205128
7.744563 0.205072
7.746688 0.205067
7.748813 0.205046
7.750938 0.204952
7.753063 0.205007
7.755187 0.204854
7.757313 0.204966
7.759438 0.204831
7.761563 0.204840
7.763688 0.204791
7.765813 0.204831
7.767938 0.204796
7.770062 0.204703
7.772188 0.204693
7.774313 0.204749
7.776438 0.204563
7.778563 0.204669
7.780688 0.204594
7.782813 0.204537
7.784938 0.204559
7.787063 0.204472
7.789188 0.204543
7.791313 0.204432
7.793438 0.204448
7.795563 0.204379
7.797688 0.204338
7.799813 0.204371
7.801938 0.204280
7.804063 0.204286
7.806188 0.204267
7.808313 0.204193
7.810438 0.204238
7.812563 0.204177
7.814688 0.204173
7.816813 0.204180
7.818938 0.204056
7.821063 0.204017
7.823188 0.204016
7.825313 0.204017
7.827438 0.204036
7.829563 0.203979
7.831688 0.203895
7.833813 0.203928
7.835938 0.203818
7.838063 0.203883
7.840188 0.203802
7.842313 0.203772
7.844438 0.203855
7.846563 0.203591
7.848688 0.203784
7.850812 0.203599
7.852938 0.203722
7.855063 0.203565
7.857188 0.203628
7.859313 0.203585
7.861438 0.203490
7.863563 0.203554
7.865687 0.203489
7.867813 0.203403
7.869938 0.203442
7.872063 0.203429
7.874188 0.203399
7.876313 0.203330
7.878438 0.203294
7.880562 0.203284
7.882688 0.203268
7.884813 0.203284
7.886938 0.203185
7.889063 0.203176
7.891188 0.203162
7.893313 0.203147
7.895437 0.203029
7.897563 0.203123
7.899688 0.203000
7.901813 0.203051
7.903938 0.202984
7.906063 0.202966
7.908188 0.202918
7.910313 0.202911
7.912438 0.202891
7.914563 0.202842
7.916688 0.202877
7.918813 0.202801
7.920938 0.202751
7.923063 0.202753
7.925188 0.202720
7.927313 0.202684
7.929438 0.202631
7.931563 0.202666
7.933688 0.202590
7.935813 0.202546
7.937938 0.202540
7.940063 0.202565
7.942188 0.202524
7.944313 0.202475
7.946438 0.202406
7.948563 0.202405
7.950688 0.202447
7.952813 0.202325
7.954938 0.202344
7.957063 0.202364
7.959188 0.202272
7.961313 0.202259
7.963438 0.202201
7.965563 0.202168
7.967688 0.202247
7.969813 0.202105
7.971938 0.202093
7.974063 0.202115
7.976187 0.202065
7.978313 0.202052
7.980438 0.202000
7.982563 0.201970
7.984688 0.201962
7.986813 0.201987
7.988938 0.201872
7.991062 0.201887
7.993188 0.201824
7.995313 0.201831
7.997438 0.201794
7.999563 0.201803
8.001688 0.201758
8.003813 0.201701
8.005938 0.201684
8.008063 0.201630
8.010188 0.201725
8.012313 0.201587
8.014437 0.201532
8.016563 0.201579
8.018688 0.201550
8.020813 0.201494
8.022938 0.201503
8.025063 0.201446
8.027188 0.201419
8.029312 0.201372
8.031438 0.201334
8.033563 0.201333
8.035688 0.201358
8.037813 0.201310
8.039938 0.201243
8.042063 0.201259
8.044187 0.201186
8.046313 0.201160
8.048438 0.201190
8.050563 0.201087
8.052688 0.201165
8.054813 0.201090
8.056938 0.201014
8.059062 0.201037
8.061188 0.200970
8.063313 0.200994
8.065438 0.200955
8.067563 0.200900
8.069688 0.200939
8.071813 0.200845
8.073937 0.200810
8.076063 0.200852
8.078188 0.200770
8.080313 0.200796
8.082438 0.200747
8.084563 0.200705
8.086688 0.200666
8.088812 0.200649
8.090938 0.200638
8.093063 0.200549
8.095188 0.200604
8.097313 0.200555
8.099438 0.200487
8.101562 0.200543
8.103687 0.200428
8.105813 0.200482
8.107938 0.200444
8.110063 0.200330
8.112188 0.200354
8.114313 0.200358
8.116437 0.200298
8.118562 0.200293
8.120688 0.200226
8.122813 0.200270
8.124938 0.200230
8.127063 0.200136
8.129188 0.200181
8.131312 0.200139
8.133438 0.200124
8.135563 0.200009
8.137688 0.200089
8.139813 0.200011
8.141938 0.200075
8.144063 0.199937
8.146187 0.199914
8.148313 0.199889
8.150438 0.199903
8.152563 0.199932
8.154688 0.199835
8.156813 0.199813
8.158938 0.199754
8.161062 0.199793
8.163188 0.199735
8.165313 0.199718
8.167438 0.199702
8.169563 0.199678
8.171688 0.199588
8.173813 0.199641
8.175937 0.199569
8.178063 0.199502
8.180188 0.199562
8.182313 0.199518
8.184438 0.199469
8.186563 0.199435
8.188688 0.199458
8.190812 0.199403
8.192938 0.199336
8.195063 0.199357
8.197188 0.199330
8.199313 0.199274
8.201438 0.199287
8.203563 0.199234
8.205687 0.199256
8.207813 0.199181
8.209938 0.199161
8.212063 0.199161
8.214188 0.199131
8.216313 0.199041
8.218438 0.199097
8.220562 0.199004
8.222688 0.199035
8.224813 0.198997
8.226938 0.198925
8.229063 0.198972
8.231188 0.198920
8.233313 0.198864
8.235437 0.198864
8.237563 0.198897
8.239688 0.198739
8.241812 0.198782
8.243938 0.198771
8.246063 0.198713
8.248188 0.198746
8.250312 0.198649
8.252438 0.198654
8.254563 0.198641
8.256688 0.198538
8.258813 0.198594
8.260938 0.198643
8.263063 0.198420
8.265187 0.198558
8.267313 0.198478
8.269438 0.198450
8.271563 0.198468
8.273688 0.198353
8.275813 0.198368
8.277938 0.198386
8.280062 0.198304
8.282188 0.198316
8.284313 0.198254
8.286438 0.198210
8.288563 0.198258
8.290688 0.198223
8.292813 0.198152
8.294937 0.198170
8.297063 0.198078
8.299188 0.198131
8.301313 0.198044
8.303438 0.198029
8.305563 0.198029
8.307688 0.197965
8.309812 0.197983
8.311938 0.197956
8.314063 0.197944
8.316188 0.197820
8.318313 0.197921
8.320438 0.197811
8.322563 0.197785
8.324687 0.197868
8.326813 0.197752
8.328938 0.197677
8.331063 0.197746
8.333188 0.197704
8.335313 0.197676
8.337438 0.197687
8.339562 0.197553
8.341688 0.197563
8.343813 0.197595
8.345938 0.197549
8.348063 0.197496
8.350188 0.197488
8.352313 0.197456
8.354437 0.197478
8.356563 0.197365
8.358688 0.197431
8.360813 0.197349
8.362938 0.197357
8.365063 0.197287
8.367188 0.197329
8.369312 0.197201
8.371438 0.197230
8.373563 0.197251
8.375688 0.197176
8.377813 0.197175
8.379938 0.197119
8.382062 0.197131
8.384187 0.197058
8.386313 0.197069
8.388438 0.197051
8.390563 0.196996
8.392688 0.197031
8.394813 0.196929
8.396937 0.196953
8.399063 0.185325
8.401188 0.000000
8.403313 0.000000
8.405438 0.000000
8.407563 0.000000
8.409688 0.000000
8.411812 0.000000
8.413938 0.000000
8.416063 0.000000
8.418188 0.000000
8.420313 0.000000
8.422438 0.000000
8.424563 0.000000
8.426687 0.000000
8.428813 0.000000
8.430938 0.000000
8.433063 0.000000
8.435188 0.000000
8.437313 0.000000
8.439438 0.000000
8.441562 0.000000
8.443688 0.000000
8.445813 0.000000
8.447938 0.000000
8.450063 0.000000
8.452188 0.000000
8.454313 0.000000
8.456437 0.000000
8.458563 0.000000
8.460688 0.000000
8.462813 0.000000
8.464938 0.000000
8.467063 0.000000
8.469188 0.000000
8.471312 0.000000
8.473438 0.000000
8.475563 0.000000
8.477688 0.000000
8.479813 0.000000
8.481938 0.000000
8.484063 0.000000
8.486187 0.000000
8.488313 0.000000
8.490438 0.000000
8.492563 0.000000
8.494688 0.000000
8.496813 0.000000
8.498938 0.000000
